thres, tn, fp, fn, tp, acc, pre, Recall, spec, F1score, mcc, auc
0.002000000013393635, 81, 153, 2, 388, 0.7516025641025641, 0.7171903881700554, 0.9948717948717949, 0.34615384615384615, 0.8335123523093448, 0.48617160194441883, 0.932199211045365
0.004000000013393635, 90, 144, 2, 388, 0.7660256410256411, 0.7293233082706767, 0.9948717948717949, 0.38461538461538464, 0.841648590021692, 0.518188309301453, 0.932199211045365
0.006000000013393635, 92, 142, 2, 388, 0.7692307692307693, 0.7320754716981132, 0.9948717948717949, 0.39316239316239315, 0.8434782608695652, 0.5251802211490868, 0.932199211045365
0.008000000013393635, 95, 139, 2, 388, 0.7740384615384616, 0.7362428842504743, 0.9948717948717949, 0.405982905982906, 0.8462377317339149, 0.5355944134736458, 0.932199211045365
0.010000000013393635, 97, 137, 2, 388, 0.7772435897435898, 0.7390476190476191, 0.9948717948717949, 0.41452991452991456, 0.848087431693989, 0.5424911215524947, 0.932199211045365
0.012000000013393635, 99, 135, 2, 388, 0.780448717948718, 0.7418738049713193, 0.9948717948717949, 0.4230769230769231, 0.8499452354874042, 0.5493532501322732, 0.932199211045365
0.014000000013393635, 101, 133, 2, 388, 0.7836538461538461, 0.744721689059501, 0.9948717948717949, 0.43162393162393164, 0.8518111964873765, 0.5561826565033862, 0.932199211045365
0.016000000013393634, 102, 132, 2, 388, 0.7852564102564102, 0.7461538461538462, 0.9948717948717949, 0.4358974358974359, 0.8527472527472527, 0.5595856455222527, 0.932199211045365
0.018000000013393636, 104, 130, 2, 388, 0.7884615384615384, 0.749034749034749, 0.9948717948717949, 0.4444444444444444, 0.8546255506607929, 0.5663692641869374, 0.932199211045365
0.020000000013393637, 104, 130, 2, 388, 0.7884615384615384, 0.749034749034749, 0.9948717948717949, 0.4444444444444444, 0.8546255506607929, 0.5663692641869374, 0.932199211045365
0.02200000001339364, 106, 128, 2, 388, 0.7916666666666666, 0.751937984496124, 0.9948717948717949, 0.452991452991453, 0.8565121412803532, 0.573124440308437, 0.932199211045365
0.02400000001339364, 106, 128, 2, 388, 0.7916666666666666, 0.751937984496124, 0.9948717948717949, 0.452991452991453, 0.8565121412803532, 0.573124440308437, 0.932199211045365
0.026000000013393643, 107, 127, 2, 388, 0.7932692307692307, 0.7533980582524272, 0.9948717948717949, 0.45726495726495725, 0.8574585635359117, 0.5764918593780994, 0.932199211045365
0.028000000013393644, 107, 127, 2, 388, 0.7932692307692307, 0.7533980582524272, 0.9948717948717949, 0.45726495726495725, 0.8574585635359117, 0.5764918593780994, 0.932199211045365
0.030000000013393646, 107, 127, 2, 388, 0.7932692307692307, 0.7533980582524272, 0.9948717948717949, 0.45726495726495725, 0.8574585635359117, 0.5764918593780994, 0.932199211045365
0.03200000001339365, 107, 127, 2, 388, 0.7932692307692307, 0.7533980582524272, 0.9948717948717949, 0.45726495726495725, 0.8574585635359117, 0.5764918593780994, 0.932199211045365
0.03400000001339365, 108, 126, 2, 388, 0.7948717948717948, 0.754863813229572, 0.9948717948717949, 0.46153846153846156, 0.8584070796460177, 0.5798527556652331, 0.932199211045365
0.03600000001339365, 108, 126, 2, 388, 0.7948717948717948, 0.754863813229572, 0.9948717948717949, 0.46153846153846156, 0.8584070796460177, 0.5798527556652331, 0.932199211045365
0.03800000001339365, 108, 126, 2, 388, 0.7948717948717948, 0.754863813229572, 0.9948717948717949, 0.46153846153846156, 0.8584070796460177, 0.5798527556652331, 0.932199211045365
0.040000000013393655, 108, 126, 2, 388, 0.7948717948717948, 0.754863813229572, 0.9948717948717949, 0.46153846153846156, 0.8584070796460177, 0.5798527556652331, 0.932199211045365
0.04200000001339366, 108, 126, 2, 388, 0.7948717948717948, 0.754863813229572, 0.9948717948717949, 0.46153846153846156, 0.8584070796460177, 0.5798527556652331, 0.932199211045365
0.04400000001339366, 108, 126, 2, 388, 0.7948717948717948, 0.754863813229572, 0.9948717948717949, 0.46153846153846156, 0.8584070796460177, 0.5798527556652331, 0.932199211045365
0.04600000001339366, 109, 125, 2, 388, 0.7964743589743589, 0.7563352826510721, 0.9948717948717949, 0.4658119658119658, 0.8593576965669989, 0.5832073165255239, 0.932199211045365
0.04800000001339366, 109, 125, 2, 388, 0.7964743589743589, 0.7563352826510721, 0.9948717948717949, 0.4658119658119658, 0.8593576965669989, 0.5832073165255239, 0.932199211045365
0.050000000013393664, 109, 125, 2, 388, 0.7964743589743589, 0.7563352826510721, 0.9948717948717949, 0.4658119658119658, 0.8593576965669989, 0.5832073165255239, 0.932199211045365
0.052000000013393666, 110, 124, 2, 388, 0.7980769230769231, 0.7578125, 0.9948717948717949, 0.4700854700854701, 0.8603104212860311, 0.5865557254410011, 0.932199211045365
0.05400000001339367, 110, 124, 2, 388, 0.7980769230769231, 0.7578125, 0.9948717948717949, 0.4700854700854701, 0.8603104212860311, 0.5865557254410011, 0.932199211045365
0.05600000001339367, 111, 123, 2, 388, 0.7996794871794872, 0.7592954990215264, 0.9948717948717949, 0.47435897435897434, 0.8612652608213096, 0.5898981621537868, 0.932199211045365
0.05800000001339367, 111, 123, 2, 388, 0.7996794871794872, 0.7592954990215264, 0.9948717948717949, 0.47435897435897434, 0.8612652608213096, 0.5898981621537868, 0.932199211045365
0.06000000001339367, 113, 121, 2, 388, 0.8028846153846154, 0.762278978388998, 0.9948717948717949, 0.4829059829059829, 0.8631813125695217, 0.5965658200043384, 0.932199211045365
0.062000000013393675, 113, 121, 2, 388, 0.8028846153846154, 0.762278978388998, 0.9948717948717949, 0.4829059829059829, 0.8631813125695217, 0.5965658200043384, 0.932199211045365
0.06400000001339368, 114, 120, 2, 388, 0.8044871794871795, 0.7637795275590551, 0.9948717948717949, 0.48717948717948717, 0.8641425389755011, 0.5998913830548667, 0.932199211045365
0.06600000001339368, 114, 120, 2, 388, 0.8044871794871795, 0.7637795275590551, 0.9948717948717949, 0.48717948717948717, 0.8641425389755011, 0.5998913830548667, 0.932199211045365
0.06800000001339368, 114, 120, 2, 388, 0.8044871794871795, 0.7637795275590551, 0.9948717948717949, 0.48717948717948717, 0.8641425389755011, 0.5998913830548667, 0.932199211045365
0.07000000001339368, 115, 119, 2, 388, 0.8060897435897436, 0.7652859960552268, 0.9948717948717949, 0.49145299145299143, 0.8651059085841695, 0.6032116579594838, 0.932199211045365
0.07200000001339368, 115, 119, 2, 388, 0.8060897435897436, 0.7652859960552268, 0.9948717948717949, 0.49145299145299143, 0.8651059085841695, 0.6032116579594838, 0.932199211045365
0.07400000001339369, 116, 118, 2, 388, 0.8076923076923077, 0.766798418972332, 0.9948717948717949, 0.49572649572649574, 0.8660714285714286, 0.606526807583078, 0.932199211045365
0.07600000001339369, 116, 118, 2, 388, 0.8076923076923077, 0.766798418972332, 0.9948717948717949, 0.49572649572649574, 0.8660714285714286, 0.606526807583078, 0.932199211045365
0.07800000001339369, 116, 118, 2, 388, 0.8076923076923077, 0.766798418972332, 0.9948717948717949, 0.49572649572649574, 0.8660714285714286, 0.606526807583078, 0.932199211045365
0.08000000001339369, 116, 118, 2, 388, 0.8076923076923077, 0.766798418972332, 0.9948717948717949, 0.49572649572649574, 0.8660714285714286, 0.606526807583078, 0.932199211045365
0.08200000001339369, 116, 118, 2, 388, 0.8076923076923077, 0.766798418972332, 0.9948717948717949, 0.49572649572649574, 0.8660714285714286, 0.606526807583078, 0.932199211045365
0.0840000000133937, 116, 118, 2, 388, 0.8076923076923077, 0.766798418972332, 0.9948717948717949, 0.49572649572649574, 0.8660714285714286, 0.606526807583078, 0.932199211045365
0.0860000000133937, 116, 118, 2, 388, 0.8076923076923077, 0.766798418972332, 0.9948717948717949, 0.49572649572649574, 0.8660714285714286, 0.606526807583078, 0.932199211045365
0.0880000000133937, 116, 118, 2, 388, 0.8076923076923077, 0.766798418972332, 0.9948717948717949, 0.49572649572649574, 0.8660714285714286, 0.606526807583078, 0.932199211045365
0.0900000000133937, 116, 118, 2, 388, 0.8076923076923077, 0.766798418972332, 0.9948717948717949, 0.49572649572649574, 0.8660714285714286, 0.606526807583078, 0.932199211045365
0.0920000000133937, 116, 118, 2, 388, 0.8076923076923077, 0.766798418972332, 0.9948717948717949, 0.49572649572649574, 0.8660714285714286, 0.606526807583078, 0.932199211045365
0.0940000000133937, 116, 118, 2, 388, 0.8076923076923077, 0.766798418972332, 0.9948717948717949, 0.49572649572649574, 0.8660714285714286, 0.606526807583078, 0.932199211045365
0.0960000000133937, 116, 118, 2, 388, 0.8076923076923077, 0.766798418972332, 0.9948717948717949, 0.49572649572649574, 0.8660714285714286, 0.606526807583078, 0.932199211045365
0.0980000000133937, 116, 118, 2, 388, 0.8076923076923077, 0.766798418972332, 0.9948717948717949, 0.49572649572649574, 0.8660714285714286, 0.606526807583078, 0.932199211045365
0.10000000001339371, 116, 118, 2, 388, 0.8076923076923077, 0.766798418972332, 0.9948717948717949, 0.49572649572649574, 0.8660714285714286, 0.606526807583078, 0.932199211045365
0.10200000001339371, 116, 118, 2, 388, 0.8076923076923077, 0.766798418972332, 0.9948717948717949, 0.49572649572649574, 0.8660714285714286, 0.606526807583078, 0.932199211045365
0.10400000001339371, 116, 118, 2, 388, 0.8076923076923077, 0.766798418972332, 0.9948717948717949, 0.49572649572649574, 0.8660714285714286, 0.606526807583078, 0.932199211045365
0.10600000001339371, 116, 118, 2, 388, 0.8076923076923077, 0.766798418972332, 0.9948717948717949, 0.49572649572649574, 0.8660714285714286, 0.606526807583078, 0.932199211045365
0.10800000001339372, 116, 118, 2, 388, 0.8076923076923077, 0.766798418972332, 0.9948717948717949, 0.49572649572649574, 0.8660714285714286, 0.606526807583078, 0.932199211045365
0.11000000001339372, 116, 118, 2, 388, 0.8076923076923077, 0.766798418972332, 0.9948717948717949, 0.49572649572649574, 0.8660714285714286, 0.606526807583078, 0.932199211045365
0.11200000001339372, 117, 117, 2, 388, 0.8092948717948718, 0.7683168316831683, 0.9948717948717949, 0.5, 0.8670391061452514, 0.609836991746323, 0.932199211045365
0.11400000001339372, 117, 117, 2, 388, 0.8092948717948718, 0.7683168316831683, 0.9948717948717949, 0.5, 0.8670391061452514, 0.609836991746323, 0.932199211045365
0.11600000001339372, 117, 117, 2, 388, 0.8092948717948718, 0.7683168316831683, 0.9948717948717949, 0.5, 0.8670391061452514, 0.609836991746323, 0.932199211045365
0.11800000001339372, 117, 117, 2, 388, 0.8092948717948718, 0.7683168316831683, 0.9948717948717949, 0.5, 0.8670391061452514, 0.609836991746323, 0.932199211045365
0.12000000001339373, 117, 117, 2, 388, 0.8092948717948718, 0.7683168316831683, 0.9948717948717949, 0.5, 0.8670391061452514, 0.609836991746323, 0.932199211045365
0.12200000001339373, 118, 116, 2, 388, 0.8108974358974359, 0.7698412698412699, 0.9948717948717949, 0.5042735042735043, 0.8680089485458613, 0.6131423673260797, 0.932199211045365
0.12400000001339373, 118, 116, 2, 388, 0.8108974358974359, 0.7698412698412699, 0.9948717948717949, 0.5042735042735043, 0.8680089485458613, 0.6131423673260797, 0.932199211045365
0.12600000001339373, 119, 115, 2, 388, 0.8125, 0.7713717693836978, 0.9948717948717949, 0.5085470085470085, 0.8689809630459127, 0.6164430883519182, 0.932199211045365
0.12800000001339373, 119, 115, 2, 388, 0.8125, 0.7713717693836978, 0.9948717948717949, 0.5085470085470085, 0.8689809630459127, 0.6164430883519182, 0.932199211045365
0.13000000001339374, 119, 115, 2, 388, 0.8125, 0.7713717693836978, 0.9948717948717949, 0.5085470085470085, 0.8689809630459127, 0.6164430883519182, 0.932199211045365
0.13200000001339374, 119, 115, 2, 388, 0.8125, 0.7713717693836978, 0.9948717948717949, 0.5085470085470085, 0.8689809630459127, 0.6164430883519182, 0.932199211045365
0.13400000001339374, 119, 115, 2, 388, 0.8125, 0.7713717693836978, 0.9948717948717949, 0.5085470085470085, 0.8689809630459127, 0.6164430883519182, 0.932199211045365
0.13600000001339374, 120, 114, 2, 388, 0.8141025641025641, 0.7729083665338645, 0.9948717948717949, 0.5128205128205128, 0.8699551569506726, 0.6197393060989453, 0.932199211045365
0.13800000001339374, 120, 114, 2, 388, 0.8141025641025641, 0.7729083665338645, 0.9948717948717949, 0.5128205128205128, 0.8699551569506726, 0.6197393060989453, 0.932199211045365
0.14000000001339374, 122, 112, 2, 388, 0.8173076923076923, 0.776, 0.9948717948717949, 0.5213675213675214, 0.8719101123595505, 0.6263188236171768, 0.932199211045365
0.14200000001339375, 122, 112, 2, 388, 0.8173076923076923, 0.776, 0.9948717948717949, 0.5213675213675214, 0.8719101123595505, 0.6263188236171768, 0.932199211045365
0.14400000001339375, 122, 112, 2, 388, 0.8173076923076923, 0.776, 0.9948717948717949, 0.5213675213675214, 0.8719101123595505, 0.6263188236171768, 0.932199211045365
0.14600000001339375, 122, 112, 2, 388, 0.8173076923076923, 0.776, 0.9948717948717949, 0.5213675213675214, 0.8719101123595505, 0.6263188236171768, 0.932199211045365
0.14800000001339375, 124, 110, 2, 388, 0.8205128205128205, 0.7791164658634538, 0.9948717948717949, 0.5299145299145299, 0.8738738738738738, 0.632882078303468, 0.932199211045365
0.15000000001339375, 124, 110, 2, 388, 0.8205128205128205, 0.7791164658634538, 0.9948717948717949, 0.5299145299145299, 0.8738738738738738, 0.632882078303468, 0.932199211045365
0.15200000001339375, 124, 110, 2, 388, 0.8205128205128205, 0.7791164658634538, 0.9948717948717949, 0.5299145299145299, 0.8738738738738738, 0.632882078303468, 0.932199211045365
0.15400000001339376, 124, 110, 2, 388, 0.8205128205128205, 0.7791164658634538, 0.9948717948717949, 0.5299145299145299, 0.8738738738738738, 0.632882078303468, 0.932199211045365
0.15600000001339376, 124, 110, 2, 388, 0.8205128205128205, 0.7791164658634538, 0.9948717948717949, 0.5299145299145299, 0.8738738738738738, 0.632882078303468, 0.932199211045365
0.15800000001339376, 124, 110, 2, 388, 0.8205128205128205, 0.7791164658634538, 0.9948717948717949, 0.5299145299145299, 0.8738738738738738, 0.632882078303468, 0.932199211045365
0.16000000001339376, 124, 110, 2, 388, 0.8205128205128205, 0.7791164658634538, 0.9948717948717949, 0.5299145299145299, 0.8738738738738738, 0.632882078303468, 0.932199211045365
0.16200000001339376, 124, 110, 2, 388, 0.8205128205128205, 0.7791164658634538, 0.9948717948717949, 0.5299145299145299, 0.8738738738738738, 0.632882078303468, 0.932199211045365
0.16400000001339377, 125, 109, 2, 388, 0.8221153846153846, 0.7806841046277666, 0.9948717948717949, 0.5341880341880342, 0.874859075535513, 0.6361579584448788, 0.932199211045365
0.16600000001339377, 125, 109, 2, 388, 0.8221153846153846, 0.7806841046277666, 0.9948717948717949, 0.5341880341880342, 0.874859075535513, 0.6361579584448788, 0.932199211045365
0.16800000001339377, 126, 108, 2, 388, 0.8237179487179487, 0.782258064516129, 0.9948717948717949, 0.5384615384615384, 0.8758465011286681, 0.6394301898893542, 0.932199211045365
0.17000000001339377, 126, 108, 2, 388, 0.8237179487179487, 0.782258064516129, 0.9948717948717949, 0.5384615384615384, 0.8758465011286681, 0.6394301898893542, 0.932199211045365
0.17200000001339377, 126, 108, 2, 388, 0.8237179487179487, 0.782258064516129, 0.9948717948717949, 0.5384615384615384, 0.8758465011286681, 0.6394301898893542, 0.932199211045365
0.17400000001339377, 127, 107, 2, 388, 0.8253205128205128, 0.7838383838383839, 0.9948717948717949, 0.5427350427350427, 0.8768361581920904, 0.6426989069540024, 0.932199211045365
0.17600000001339378, 127, 107, 2, 388, 0.8253205128205128, 0.7838383838383839, 0.9948717948717949, 0.5427350427350427, 0.8768361581920904, 0.6426989069540024, 0.932199211045365
0.17800000001339378, 128, 106, 2, 388, 0.8269230769230769, 0.7854251012145749, 0.9948717948717949, 0.5470085470085471, 0.8778280542986425, 0.645964241830183, 0.932199211045365
0.18000000001339378, 128, 106, 2, 388, 0.8269230769230769, 0.7854251012145749, 0.9948717948717949, 0.5470085470085471, 0.8778280542986425, 0.645964241830183, 0.932199211045365
0.18200000001339378, 128, 106, 2, 388, 0.8269230769230769, 0.7854251012145749, 0.9948717948717949, 0.5470085470085471, 0.8778280542986425, 0.645964241830183, 0.932199211045365
0.18400000001339378, 128, 106, 2, 388, 0.8269230769230769, 0.7854251012145749, 0.9948717948717949, 0.5470085470085471, 0.8778280542986425, 0.645964241830183, 0.932199211045365
0.18600000001339378, 129, 105, 2, 388, 0.8285256410256411, 0.7870182555780934, 0.9948717948717949, 0.5512820512820513, 0.8788221970554927, 0.6492263246499089, 0.932199211045365
0.1880000000133938, 129, 105, 2, 388, 0.8285256410256411, 0.7870182555780934, 0.9948717948717949, 0.5512820512820513, 0.8788221970554927, 0.6492263246499089, 0.932199211045365
0.1900000000133938, 129, 105, 2, 388, 0.8285256410256411, 0.7870182555780934, 0.9948717948717949, 0.5512820512820513, 0.8788221970554927, 0.6492263246499089, 0.932199211045365
0.1920000000133938, 129, 105, 2, 388, 0.8285256410256411, 0.7870182555780934, 0.9948717948717949, 0.5512820512820513, 0.8788221970554927, 0.6492263246499089, 0.932199211045365
0.1940000000133938, 129, 105, 2, 388, 0.8285256410256411, 0.7870182555780934, 0.9948717948717949, 0.5512820512820513, 0.8788221970554927, 0.6492263246499089, 0.932199211045365
0.1960000000133938, 129, 105, 2, 388, 0.8285256410256411, 0.7870182555780934, 0.9948717948717949, 0.5512820512820513, 0.8788221970554927, 0.6492263246499089, 0.932199211045365
0.1980000000133938, 129, 105, 2, 388, 0.8285256410256411, 0.7870182555780934, 0.9948717948717949, 0.5512820512820513, 0.8788221970554927, 0.6492263246499089, 0.932199211045365
0.2000000000133938, 129, 105, 2, 388, 0.8285256410256411, 0.7870182555780934, 0.9948717948717949, 0.5512820512820513, 0.8788221970554927, 0.6492263246499089, 0.932199211045365
0.2020000000133938, 129, 105, 2, 388, 0.8285256410256411, 0.7870182555780934, 0.9948717948717949, 0.5512820512820513, 0.8788221970554927, 0.6492263246499089, 0.932199211045365
0.2040000000133938, 129, 105, 2, 388, 0.8285256410256411, 0.7870182555780934, 0.9948717948717949, 0.5512820512820513, 0.8788221970554927, 0.6492263246499089, 0.932199211045365
0.2060000000133938, 129, 105, 2, 388, 0.8285256410256411, 0.7870182555780934, 0.9948717948717949, 0.5512820512820513, 0.8788221970554927, 0.6492263246499089, 0.932199211045365
0.2080000000133938, 129, 105, 2, 388, 0.8285256410256411, 0.7870182555780934, 0.9948717948717949, 0.5512820512820513, 0.8788221970554927, 0.6492263246499089, 0.932199211045365
0.2100000000133938, 129, 105, 2, 388, 0.8285256410256411, 0.7870182555780934, 0.9948717948717949, 0.5512820512820513, 0.8788221970554927, 0.6492263246499089, 0.932199211045365
0.2120000000133938, 129, 105, 2, 388, 0.8285256410256411, 0.7870182555780934, 0.9948717948717949, 0.5512820512820513, 0.8788221970554927, 0.6492263246499089, 0.932199211045365
0.2140000000133938, 129, 105, 2, 388, 0.8285256410256411, 0.7870182555780934, 0.9948717948717949, 0.5512820512820513, 0.8788221970554927, 0.6492263246499089, 0.932199211045365
0.2160000000133938, 130, 104, 2, 388, 0.8301282051282052, 0.7886178861788617, 0.9948717948717949, 0.5555555555555556, 0.8798185941043084, 0.652485283549936, 0.932199211045365
0.2180000000133938, 131, 103, 2, 388, 0.8317307692307693, 0.790224032586558, 0.9948717948717949, 0.5598290598290598, 0.8808172531214529, 0.6557412447336348, 0.932199211045365
0.22000000001339381, 131, 103, 2, 388, 0.8317307692307693, 0.790224032586558, 0.9948717948717949, 0.5598290598290598, 0.8808172531214529, 0.6557412447336348, 0.932199211045365
0.22200000001339382, 131, 103, 2, 388, 0.8317307692307693, 0.790224032586558, 0.9948717948717949, 0.5598290598290598, 0.8808172531214529, 0.6557412447336348, 0.932199211045365
0.22400000001339382, 131, 103, 2, 388, 0.8317307692307693, 0.790224032586558, 0.9948717948717949, 0.5598290598290598, 0.8808172531214529, 0.6557412447336348, 0.932199211045365
0.22600000001339382, 131, 103, 2, 388, 0.8317307692307693, 0.790224032586558, 0.9948717948717949, 0.5598290598290598, 0.8808172531214529, 0.6557412447336348, 0.932199211045365
0.22800000001339382, 131, 103, 2, 388, 0.8317307692307693, 0.790224032586558, 0.9948717948717949, 0.5598290598290598, 0.8808172531214529, 0.6557412447336348, 0.932199211045365
0.23000000001339382, 131, 103, 2, 388, 0.8317307692307693, 0.790224032586558, 0.9948717948717949, 0.5598290598290598, 0.8808172531214529, 0.6557412447336348, 0.932199211045365
0.23200000001339383, 131, 103, 2, 388, 0.8317307692307693, 0.790224032586558, 0.9948717948717949, 0.5598290598290598, 0.8808172531214529, 0.6557412447336348, 0.932199211045365
0.23400000001339383, 131, 103, 2, 388, 0.8317307692307693, 0.790224032586558, 0.9948717948717949, 0.5598290598290598, 0.8808172531214529, 0.6557412447336348, 0.932199211045365
0.23600000001339383, 131, 103, 2, 388, 0.8317307692307693, 0.790224032586558, 0.9948717948717949, 0.5598290598290598, 0.8808172531214529, 0.6557412447336348, 0.932199211045365
0.23800000001339383, 131, 103, 2, 388, 0.8317307692307693, 0.790224032586558, 0.9948717948717949, 0.5598290598290598, 0.8808172531214529, 0.6557412447336348, 0.932199211045365
0.24000000001339383, 131, 103, 2, 388, 0.8317307692307693, 0.790224032586558, 0.9948717948717949, 0.5598290598290598, 0.8808172531214529, 0.6557412447336348, 0.932199211045365
0.24200000001339383, 131, 103, 2, 388, 0.8317307692307693, 0.790224032586558, 0.9948717948717949, 0.5598290598290598, 0.8808172531214529, 0.6557412447336348, 0.932199211045365
0.24400000001339384, 131, 103, 2, 388, 0.8317307692307693, 0.790224032586558, 0.9948717948717949, 0.5598290598290598, 0.8808172531214529, 0.6557412447336348, 0.932199211045365
0.24600000001339384, 131, 103, 2, 388, 0.8317307692307693, 0.790224032586558, 0.9948717948717949, 0.5598290598290598, 0.8808172531214529, 0.6557412447336348, 0.932199211045365
0.24800000001339384, 132, 102, 2, 388, 0.8333333333333334, 0.7918367346938775, 0.9948717948717949, 0.5641025641025641, 0.8818181818181818, 0.6589943325307476, 0.932199211045365
0.25000000001339384, 132, 102, 2, 388, 0.8333333333333334, 0.7918367346938775, 0.9948717948717949, 0.5641025641025641, 0.8818181818181818, 0.6589943325307476, 0.932199211045365
0.25200000001339384, 132, 102, 2, 388, 0.8333333333333334, 0.7918367346938775, 0.9948717948717949, 0.5641025641025641, 0.8818181818181818, 0.6589943325307476, 0.932199211045365
0.25400000001339385, 132, 102, 2, 388, 0.8333333333333334, 0.7918367346938775, 0.9948717948717949, 0.5641025641025641, 0.8818181818181818, 0.6589943325307476, 0.932199211045365
0.25600000001339385, 132, 102, 2, 388, 0.8333333333333334, 0.7918367346938775, 0.9948717948717949, 0.5641025641025641, 0.8818181818181818, 0.6589943325307476, 0.932199211045365
0.25800000001339385, 132, 102, 2, 388, 0.8333333333333334, 0.7918367346938775, 0.9948717948717949, 0.5641025641025641, 0.8818181818181818, 0.6589943325307476, 0.932199211045365
0.26000000001339385, 132, 102, 2, 388, 0.8333333333333334, 0.7918367346938775, 0.9948717948717949, 0.5641025641025641, 0.8818181818181818, 0.6589943325307476, 0.932199211045365
0.26200000001339385, 132, 102, 2, 388, 0.8333333333333334, 0.7918367346938775, 0.9948717948717949, 0.5641025641025641, 0.8818181818181818, 0.6589943325307476, 0.932199211045365
0.26400000001339385, 132, 102, 2, 388, 0.8333333333333334, 0.7918367346938775, 0.9948717948717949, 0.5641025641025641, 0.8818181818181818, 0.6589943325307476, 0.932199211045365
0.26600000001339386, 132, 102, 2, 388, 0.8333333333333334, 0.7918367346938775, 0.9948717948717949, 0.5641025641025641, 0.8818181818181818, 0.6589943325307476, 0.932199211045365
0.26800000001339386, 132, 102, 2, 388, 0.8333333333333334, 0.7918367346938775, 0.9948717948717949, 0.5641025641025641, 0.8818181818181818, 0.6589943325307476, 0.932199211045365
0.27000000001339386, 132, 102, 2, 388, 0.8333333333333334, 0.7918367346938775, 0.9948717948717949, 0.5641025641025641, 0.8818181818181818, 0.6589943325307476, 0.932199211045365
0.27200000001339386, 133, 101, 2, 388, 0.8349358974358975, 0.7934560327198364, 0.9948717948717949, 0.5683760683760684, 0.8828213879408419, 0.6622446694551171, 0.932199211045365
0.27400000001339386, 133, 101, 2, 388, 0.8349358974358975, 0.7934560327198364, 0.9948717948717949, 0.5683760683760684, 0.8828213879408419, 0.6622446694551171, 0.932199211045365
0.27600000001339386, 133, 101, 2, 388, 0.8349358974358975, 0.7934560327198364, 0.9948717948717949, 0.5683760683760684, 0.8828213879408419, 0.6622446694551171, 0.932199211045365
0.27800000001339387, 135, 99, 2, 388, 0.8381410256410257, 0.7967145790554415, 0.9948717948717949, 0.5769230769230769, 0.8848346636259977, 0.6687375719943851, 0.932199211045365
0.28000000001339387, 135, 99, 2, 388, 0.8381410256410257, 0.7967145790554415, 0.9948717948717949, 0.5769230769230769, 0.8848346636259977, 0.6687375719943851, 0.932199211045365
0.28200000001339387, 135, 99, 2, 388, 0.8381410256410257, 0.7967145790554415, 0.9948717948717949, 0.5769230769230769, 0.8848346636259977, 0.6687375719943851, 0.932199211045365
0.28400000001339387, 135, 99, 2, 388, 0.8381410256410257, 0.7967145790554415, 0.9948717948717949, 0.5769230769230769, 0.8848346636259977, 0.6687375719943851, 0.932199211045365
0.2860000000133939, 135, 99, 2, 388, 0.8381410256410257, 0.7967145790554415, 0.9948717948717949, 0.5769230769230769, 0.8848346636259977, 0.6687375719943851, 0.932199211045365
0.2880000000133939, 135, 99, 2, 388, 0.8381410256410257, 0.7967145790554415, 0.9948717948717949, 0.5769230769230769, 0.8848346636259977, 0.6687375719943851, 0.932199211045365
0.2900000000133939, 135, 99, 2, 388, 0.8381410256410257, 0.7967145790554415, 0.9948717948717949, 0.5769230769230769, 0.8848346636259977, 0.6687375719943851, 0.932199211045365
0.2920000000133939, 135, 99, 2, 388, 0.8381410256410257, 0.7967145790554415, 0.9948717948717949, 0.5769230769230769, 0.8848346636259977, 0.6687375719943851, 0.932199211045365
0.2940000000133939, 135, 99, 2, 388, 0.8381410256410257, 0.7967145790554415, 0.9948717948717949, 0.5769230769230769, 0.8848346636259977, 0.6687375719943851, 0.932199211045365
0.2960000000133939, 136, 98, 2, 388, 0.8397435897435898, 0.7983539094650206, 0.9948717948717949, 0.5811965811965812, 0.8858447488584474, 0.671980374050377, 0.932199211045365
0.2980000000133939, 136, 98, 2, 388, 0.8397435897435898, 0.7983539094650206, 0.9948717948717949, 0.5811965811965812, 0.8858447488584474, 0.671980374050377, 0.932199211045365
0.3000000000133939, 136, 98, 2, 388, 0.8397435897435898, 0.7983539094650206, 0.9948717948717949, 0.5811965811965812, 0.8858447488584474, 0.671980374050377, 0.932199211045365
0.3020000000133939, 136, 98, 2, 388, 0.8397435897435898, 0.7983539094650206, 0.9948717948717949, 0.5811965811965812, 0.8858447488584474, 0.671980374050377, 0.932199211045365
0.3040000000133939, 136, 98, 2, 388, 0.8397435897435898, 0.7983539094650206, 0.9948717948717949, 0.5811965811965812, 0.8858447488584474, 0.671980374050377, 0.932199211045365
0.3060000000133939, 136, 98, 2, 388, 0.8397435897435898, 0.7983539094650206, 0.9948717948717949, 0.5811965811965812, 0.8858447488584474, 0.671980374050377, 0.932199211045365
0.3080000000133939, 136, 98, 2, 388, 0.8397435897435898, 0.7983539094650206, 0.9948717948717949, 0.5811965811965812, 0.8858447488584474, 0.671980374050377, 0.932199211045365
0.3100000000133939, 136, 98, 2, 388, 0.8397435897435898, 0.7983539094650206, 0.9948717948717949, 0.5811965811965812, 0.8858447488584474, 0.671980374050377, 0.932199211045365
0.3120000000133939, 136, 98, 2, 388, 0.8397435897435898, 0.7983539094650206, 0.9948717948717949, 0.5811965811965812, 0.8858447488584474, 0.671980374050377, 0.932199211045365
0.3140000000133939, 136, 98, 2, 388, 0.8397435897435898, 0.7983539094650206, 0.9948717948717949, 0.5811965811965812, 0.8858447488584474, 0.671980374050377, 0.932199211045365
0.3160000000133939, 136, 98, 2, 388, 0.8397435897435898, 0.7983539094650206, 0.9948717948717949, 0.5811965811965812, 0.8858447488584474, 0.671980374050377, 0.932199211045365
0.3180000000133939, 136, 98, 2, 388, 0.8397435897435898, 0.7983539094650206, 0.9948717948717949, 0.5811965811965812, 0.8858447488584474, 0.671980374050377, 0.932199211045365
0.3200000000133939, 136, 98, 2, 388, 0.8397435897435898, 0.7983539094650206, 0.9948717948717949, 0.5811965811965812, 0.8858447488584474, 0.671980374050377, 0.932199211045365
0.3220000000133939, 136, 98, 2, 388, 0.8397435897435898, 0.7983539094650206, 0.9948717948717949, 0.5811965811965812, 0.8858447488584474, 0.671980374050377, 0.932199211045365
0.3240000000133939, 136, 98, 2, 388, 0.8397435897435898, 0.7983539094650206, 0.9948717948717949, 0.5811965811965812, 0.8858447488584474, 0.671980374050377, 0.932199211045365
0.3260000000133939, 136, 98, 2, 388, 0.8397435897435898, 0.7983539094650206, 0.9948717948717949, 0.5811965811965812, 0.8858447488584474, 0.671980374050377, 0.932199211045365
0.3280000000133939, 136, 98, 2, 388, 0.8397435897435898, 0.7983539094650206, 0.9948717948717949, 0.5811965811965812, 0.8858447488584474, 0.671980374050377, 0.932199211045365
0.3300000000133939, 136, 98, 2, 388, 0.8397435897435898, 0.7983539094650206, 0.9948717948717949, 0.5811965811965812, 0.8858447488584474, 0.671980374050377, 0.932199211045365
0.3320000000133939, 136, 98, 2, 388, 0.8397435897435898, 0.7983539094650206, 0.9948717948717949, 0.5811965811965812, 0.8858447488584474, 0.671980374050377, 0.932199211045365
0.3340000000133939, 136, 98, 2, 388, 0.8397435897435898, 0.7983539094650206, 0.9948717948717949, 0.5811965811965812, 0.8858447488584474, 0.671980374050377, 0.932199211045365
0.3360000000133939, 136, 98, 2, 388, 0.8397435897435898, 0.7983539094650206, 0.9948717948717949, 0.5811965811965812, 0.8858447488584474, 0.671980374050377, 0.932199211045365
0.3380000000133939, 136, 98, 2, 388, 0.8397435897435898, 0.7983539094650206, 0.9948717948717949, 0.5811965811965812, 0.8858447488584474, 0.671980374050377, 0.932199211045365
0.3400000000133939, 136, 98, 2, 388, 0.8397435897435898, 0.7983539094650206, 0.9948717948717949, 0.5811965811965812, 0.8858447488584474, 0.671980374050377, 0.932199211045365
0.3420000000133939, 136, 98, 2, 388, 0.8397435897435898, 0.7983539094650206, 0.9948717948717949, 0.5811965811965812, 0.8858447488584474, 0.671980374050377, 0.932199211045365
0.3440000000133939, 136, 98, 2, 388, 0.8397435897435898, 0.7983539094650206, 0.9948717948717949, 0.5811965811965812, 0.8858447488584474, 0.671980374050377, 0.932199211045365
0.3460000000133939, 136, 98, 2, 388, 0.8397435897435898, 0.7983539094650206, 0.9948717948717949, 0.5811965811965812, 0.8858447488584474, 0.671980374050377, 0.932199211045365
0.34800000001339393, 136, 98, 2, 388, 0.8397435897435898, 0.7983539094650206, 0.9948717948717949, 0.5811965811965812, 0.8858447488584474, 0.671980374050377, 0.932199211045365
0.35000000001339393, 136, 98, 2, 388, 0.8397435897435898, 0.7983539094650206, 0.9948717948717949, 0.5811965811965812, 0.8858447488584474, 0.671980374050377, 0.932199211045365
0.35200000001339393, 136, 98, 2, 388, 0.8397435897435898, 0.7983539094650206, 0.9948717948717949, 0.5811965811965812, 0.8858447488584474, 0.671980374050377, 0.932199211045365
0.35400000001339393, 136, 98, 2, 388, 0.8397435897435898, 0.7983539094650206, 0.9948717948717949, 0.5811965811965812, 0.8858447488584474, 0.671980374050377, 0.932199211045365
0.35600000001339394, 136, 98, 2, 388, 0.8397435897435898, 0.7983539094650206, 0.9948717948717949, 0.5811965811965812, 0.8858447488584474, 0.671980374050377, 0.932199211045365
0.35800000001339394, 136, 98, 2, 388, 0.8397435897435898, 0.7983539094650206, 0.9948717948717949, 0.5811965811965812, 0.8858447488584474, 0.671980374050377, 0.932199211045365
0.36000000001339394, 136, 98, 2, 388, 0.8397435897435898, 0.7983539094650206, 0.9948717948717949, 0.5811965811965812, 0.8858447488584474, 0.671980374050377, 0.932199211045365
0.36200000001339394, 136, 98, 2, 388, 0.8397435897435898, 0.7983539094650206, 0.9948717948717949, 0.5811965811965812, 0.8858447488584474, 0.671980374050377, 0.932199211045365
0.36400000001339394, 136, 98, 2, 388, 0.8397435897435898, 0.7983539094650206, 0.9948717948717949, 0.5811965811965812, 0.8858447488584474, 0.671980374050377, 0.932199211045365
0.36600000001339394, 136, 98, 2, 388, 0.8397435897435898, 0.7983539094650206, 0.9948717948717949, 0.5811965811965812, 0.8858447488584474, 0.671980374050377, 0.932199211045365
0.36800000001339395, 136, 98, 2, 388, 0.8397435897435898, 0.7983539094650206, 0.9948717948717949, 0.5811965811965812, 0.8858447488584474, 0.671980374050377, 0.932199211045365
0.37000000001339395, 136, 98, 2, 388, 0.8397435897435898, 0.7983539094650206, 0.9948717948717949, 0.5811965811965812, 0.8858447488584474, 0.671980374050377, 0.932199211045365
0.37200000001339395, 136, 98, 2, 388, 0.8397435897435898, 0.7983539094650206, 0.9948717948717949, 0.5811965811965812, 0.8858447488584474, 0.671980374050377, 0.932199211045365
0.37400000001339395, 136, 98, 2, 388, 0.8397435897435898, 0.7983539094650206, 0.9948717948717949, 0.5811965811965812, 0.8858447488584474, 0.671980374050377, 0.932199211045365
0.37600000001339395, 136, 98, 2, 388, 0.8397435897435898, 0.7983539094650206, 0.9948717948717949, 0.5811965811965812, 0.8858447488584474, 0.671980374050377, 0.932199211045365
0.37800000001339396, 136, 98, 2, 388, 0.8397435897435898, 0.7983539094650206, 0.9948717948717949, 0.5811965811965812, 0.8858447488584474, 0.671980374050377, 0.932199211045365
0.38000000001339396, 136, 98, 2, 388, 0.8397435897435898, 0.7983539094650206, 0.9948717948717949, 0.5811965811965812, 0.8858447488584474, 0.671980374050377, 0.932199211045365
0.38200000001339396, 136, 98, 2, 388, 0.8397435897435898, 0.7983539094650206, 0.9948717948717949, 0.5811965811965812, 0.8858447488584474, 0.671980374050377, 0.932199211045365
0.38400000001339396, 136, 98, 2, 388, 0.8397435897435898, 0.7983539094650206, 0.9948717948717949, 0.5811965811965812, 0.8858447488584474, 0.671980374050377, 0.932199211045365
0.38600000001339396, 136, 98, 2, 388, 0.8397435897435898, 0.7983539094650206, 0.9948717948717949, 0.5811965811965812, 0.8858447488584474, 0.671980374050377, 0.932199211045365
0.38800000001339396, 136, 98, 2, 388, 0.8397435897435898, 0.7983539094650206, 0.9948717948717949, 0.5811965811965812, 0.8858447488584474, 0.671980374050377, 0.932199211045365
0.39000000001339397, 137, 97, 2, 388, 0.8413461538461539, 0.8, 0.9948717948717949, 0.5854700854700855, 0.8868571428571429, 0.675220898218418, 0.932199211045365
0.39200000001339397, 137, 97, 2, 388, 0.8413461538461539, 0.8, 0.9948717948717949, 0.5854700854700855, 0.8868571428571429, 0.675220898218418, 0.932199211045365
0.39400000001339397, 137, 97, 2, 388, 0.8413461538461539, 0.8, 0.9948717948717949, 0.5854700854700855, 0.8868571428571429, 0.675220898218418, 0.932199211045365
0.39600000001339397, 137, 97, 2, 388, 0.8413461538461539, 0.8, 0.9948717948717949, 0.5854700854700855, 0.8868571428571429, 0.675220898218418, 0.932199211045365
0.398000000013394, 137, 97, 2, 388, 0.8413461538461539, 0.8, 0.9948717948717949, 0.5854700854700855, 0.8868571428571429, 0.675220898218418, 0.932199211045365
0.400000000013394, 137, 97, 2, 388, 0.8413461538461539, 0.8, 0.9948717948717949, 0.5854700854700855, 0.8868571428571429, 0.675220898218418, 0.932199211045365
0.402000000013394, 137, 97, 2, 388, 0.8413461538461539, 0.8, 0.9948717948717949, 0.5854700854700855, 0.8868571428571429, 0.675220898218418, 0.932199211045365
0.404000000013394, 137, 97, 2, 388, 0.8413461538461539, 0.8, 0.9948717948717949, 0.5854700854700855, 0.8868571428571429, 0.675220898218418, 0.932199211045365
0.406000000013394, 137, 97, 2, 388, 0.8413461538461539, 0.8, 0.9948717948717949, 0.5854700854700855, 0.8868571428571429, 0.675220898218418, 0.932199211045365
0.408000000013394, 137, 97, 2, 388, 0.8413461538461539, 0.8, 0.9948717948717949, 0.5854700854700855, 0.8868571428571429, 0.675220898218418, 0.932199211045365
0.410000000013394, 137, 97, 2, 388, 0.8413461538461539, 0.8, 0.9948717948717949, 0.5854700854700855, 0.8868571428571429, 0.675220898218418, 0.932199211045365
0.412000000013394, 137, 97, 2, 388, 0.8413461538461539, 0.8, 0.9948717948717949, 0.5854700854700855, 0.8868571428571429, 0.675220898218418, 0.932199211045365
0.414000000013394, 137, 97, 2, 388, 0.8413461538461539, 0.8, 0.9948717948717949, 0.5854700854700855, 0.8868571428571429, 0.675220898218418, 0.932199211045365
0.416000000013394, 137, 97, 2, 388, 0.8413461538461539, 0.8, 0.9948717948717949, 0.5854700854700855, 0.8868571428571429, 0.675220898218418, 0.932199211045365
0.418000000013394, 137, 97, 2, 388, 0.8413461538461539, 0.8, 0.9948717948717949, 0.5854700854700855, 0.8868571428571429, 0.675220898218418, 0.932199211045365
0.420000000013394, 137, 97, 2, 388, 0.8413461538461539, 0.8, 0.9948717948717949, 0.5854700854700855, 0.8868571428571429, 0.675220898218418, 0.932199211045365
0.422000000013394, 138, 96, 2, 388, 0.842948717948718, 0.8016528925619835, 0.9948717948717949, 0.5897435897435898, 0.8878718535469108, 0.6784592587337218, 0.932199211045365
0.424000000013394, 138, 96, 2, 388, 0.842948717948718, 0.8016528925619835, 0.9948717948717949, 0.5897435897435898, 0.8878718535469108, 0.6784592587337218, 0.932199211045365
0.426000000013394, 138, 96, 2, 388, 0.842948717948718, 0.8016528925619835, 0.9948717948717949, 0.5897435897435898, 0.8878718535469108, 0.6784592587337218, 0.932199211045365
0.428000000013394, 138, 96, 2, 388, 0.842948717948718, 0.8016528925619835, 0.9948717948717949, 0.5897435897435898, 0.8878718535469108, 0.6784592587337218, 0.932199211045365
0.430000000013394, 138, 96, 2, 388, 0.842948717948718, 0.8016528925619835, 0.9948717948717949, 0.5897435897435898, 0.8878718535469108, 0.6784592587337218, 0.932199211045365
0.432000000013394, 138, 96, 2, 388, 0.842948717948718, 0.8016528925619835, 0.9948717948717949, 0.5897435897435898, 0.8878718535469108, 0.6784592587337218, 0.932199211045365
0.434000000013394, 138, 96, 2, 388, 0.842948717948718, 0.8016528925619835, 0.9948717948717949, 0.5897435897435898, 0.8878718535469108, 0.6784592587337218, 0.932199211045365
0.436000000013394, 138, 96, 2, 388, 0.842948717948718, 0.8016528925619835, 0.9948717948717949, 0.5897435897435898, 0.8878718535469108, 0.6784592587337218, 0.932199211045365
0.438000000013394, 138, 96, 2, 388, 0.842948717948718, 0.8016528925619835, 0.9948717948717949, 0.5897435897435898, 0.8878718535469108, 0.6784592587337218, 0.932199211045365
0.440000000013394, 138, 96, 2, 388, 0.842948717948718, 0.8016528925619835, 0.9948717948717949, 0.5897435897435898, 0.8878718535469108, 0.6784592587337218, 0.932199211045365
0.442000000013394, 138, 96, 2, 388, 0.842948717948718, 0.8016528925619835, 0.9948717948717949, 0.5897435897435898, 0.8878718535469108, 0.6784592587337218, 0.932199211045365
0.444000000013394, 138, 96, 2, 388, 0.842948717948718, 0.8016528925619835, 0.9948717948717949, 0.5897435897435898, 0.8878718535469108, 0.6784592587337218, 0.932199211045365
0.446000000013394, 139, 95, 2, 388, 0.844551282051282, 0.8033126293995859, 0.9948717948717949, 0.594017094017094, 0.8888888888888888, 0.6816955683240028, 0.932199211045365
0.448000000013394, 139, 95, 2, 388, 0.844551282051282, 0.8033126293995859, 0.9948717948717949, 0.594017094017094, 0.8888888888888888, 0.6816955683240028, 0.932199211045365
0.450000000013394, 139, 95, 2, 388, 0.844551282051282, 0.8033126293995859, 0.9948717948717949, 0.594017094017094, 0.8888888888888888, 0.6816955683240028, 0.932199211045365
0.452000000013394, 139, 95, 2, 388, 0.844551282051282, 0.8033126293995859, 0.9948717948717949, 0.594017094017094, 0.8888888888888888, 0.6816955683240028, 0.932199211045365
0.454000000013394, 139, 95, 2, 388, 0.844551282051282, 0.8033126293995859, 0.9948717948717949, 0.594017094017094, 0.8888888888888888, 0.6816955683240028, 0.932199211045365
0.456000000013394, 139, 95, 2, 388, 0.844551282051282, 0.8033126293995859, 0.9948717948717949, 0.594017094017094, 0.8888888888888888, 0.6816955683240028, 0.932199211045365
0.458000000013394, 139, 95, 2, 388, 0.844551282051282, 0.8033126293995859, 0.9948717948717949, 0.594017094017094, 0.8888888888888888, 0.6816955683240028, 0.932199211045365
0.46000000001339403, 139, 95, 2, 388, 0.844551282051282, 0.8033126293995859, 0.9948717948717949, 0.594017094017094, 0.8888888888888888, 0.6816955683240028, 0.932199211045365
0.46200000001339403, 139, 95, 2, 388, 0.844551282051282, 0.8033126293995859, 0.9948717948717949, 0.594017094017094, 0.8888888888888888, 0.6816955683240028, 0.932199211045365
0.46400000001339403, 139, 95, 2, 388, 0.844551282051282, 0.8033126293995859, 0.9948717948717949, 0.594017094017094, 0.8888888888888888, 0.6816955683240028, 0.932199211045365
0.46600000001339403, 139, 95, 2, 388, 0.844551282051282, 0.8033126293995859, 0.9948717948717949, 0.594017094017094, 0.8888888888888888, 0.6816955683240028, 0.932199211045365
0.46800000001339404, 139, 95, 2, 388, 0.844551282051282, 0.8033126293995859, 0.9948717948717949, 0.594017094017094, 0.8888888888888888, 0.6816955683240028, 0.932199211045365
0.47000000001339404, 139, 95, 2, 388, 0.844551282051282, 0.8033126293995859, 0.9948717948717949, 0.594017094017094, 0.8888888888888888, 0.6816955683240028, 0.932199211045365
0.47200000001339404, 139, 95, 2, 388, 0.844551282051282, 0.8033126293995859, 0.9948717948717949, 0.594017094017094, 0.8888888888888888, 0.6816955683240028, 0.932199211045365
0.47400000001339404, 139, 95, 2, 388, 0.844551282051282, 0.8033126293995859, 0.9948717948717949, 0.594017094017094, 0.8888888888888888, 0.6816955683240028, 0.932199211045365
0.47600000001339404, 139, 95, 2, 388, 0.844551282051282, 0.8033126293995859, 0.9948717948717949, 0.594017094017094, 0.8888888888888888, 0.6816955683240028, 0.932199211045365
0.47800000001339404, 139, 95, 2, 388, 0.844551282051282, 0.8033126293995859, 0.9948717948717949, 0.594017094017094, 0.8888888888888888, 0.6816955683240028, 0.932199211045365
0.48000000001339405, 139, 95, 2, 388, 0.844551282051282, 0.8033126293995859, 0.9948717948717949, 0.594017094017094, 0.8888888888888888, 0.6816955683240028, 0.932199211045365
0.48200000001339405, 139, 95, 2, 388, 0.844551282051282, 0.8033126293995859, 0.9948717948717949, 0.594017094017094, 0.8888888888888888, 0.6816955683240028, 0.932199211045365
0.48400000001339405, 139, 95, 2, 388, 0.844551282051282, 0.8033126293995859, 0.9948717948717949, 0.594017094017094, 0.8888888888888888, 0.6816955683240028, 0.932199211045365
0.48600000001339405, 140, 94, 2, 388, 0.8461538461538461, 0.8049792531120332, 0.9948717948717949, 0.5982905982905983, 0.8899082568807339, 0.6849299382552304, 0.932199211045365
0.48800000001339405, 140, 94, 2, 388, 0.8461538461538461, 0.8049792531120332, 0.9948717948717949, 0.5982905982905983, 0.8899082568807339, 0.6849299382552304, 0.932199211045365
0.49000000001339405, 140, 94, 2, 388, 0.8461538461538461, 0.8049792531120332, 0.9948717948717949, 0.5982905982905983, 0.8899082568807339, 0.6849299382552304, 0.932199211045365
0.49200000001339406, 140, 94, 2, 388, 0.8461538461538461, 0.8049792531120332, 0.9948717948717949, 0.5982905982905983, 0.8899082568807339, 0.6849299382552304, 0.932199211045365
0.49400000001339406, 140, 94, 2, 388, 0.8461538461538461, 0.8049792531120332, 0.9948717948717949, 0.5982905982905983, 0.8899082568807339, 0.6849299382552304, 0.932199211045365
0.49600000001339406, 140, 94, 2, 388, 0.8461538461538461, 0.8049792531120332, 0.9948717948717949, 0.5982905982905983, 0.8899082568807339, 0.6849299382552304, 0.932199211045365
0.49800000001339406, 140, 94, 2, 388, 0.8461538461538461, 0.8049792531120332, 0.9948717948717949, 0.5982905982905983, 0.8899082568807339, 0.6849299382552304, 0.932199211045365
0.5000000000133941, 140, 94, 2, 388, 0.8461538461538461, 0.8049792531120332, 0.9948717948717949, 0.5982905982905983, 0.8899082568807339, 0.6849299382552304, 0.932199211045365
0.5020000000133941, 140, 94, 2, 388, 0.8461538461538461, 0.8049792531120332, 0.9948717948717949, 0.5982905982905983, 0.8899082568807339, 0.6849299382552304, 0.932199211045365
0.5040000000133941, 140, 94, 2, 388, 0.8461538461538461, 0.8049792531120332, 0.9948717948717949, 0.5982905982905983, 0.8899082568807339, 0.6849299382552304, 0.932199211045365
0.5060000000133941, 140, 94, 2, 388, 0.8461538461538461, 0.8049792531120332, 0.9948717948717949, 0.5982905982905983, 0.8899082568807339, 0.6849299382552304, 0.932199211045365
0.5080000000133941, 140, 94, 2, 388, 0.8461538461538461, 0.8049792531120332, 0.9948717948717949, 0.5982905982905983, 0.8899082568807339, 0.6849299382552304, 0.932199211045365
0.5100000000133941, 140, 94, 2, 388, 0.8461538461538461, 0.8049792531120332, 0.9948717948717949, 0.5982905982905983, 0.8899082568807339, 0.6849299382552304, 0.932199211045365
0.5120000000133941, 140, 94, 2, 388, 0.8461538461538461, 0.8049792531120332, 0.9948717948717949, 0.5982905982905983, 0.8899082568807339, 0.6849299382552304, 0.932199211045365
0.5140000000133941, 140, 94, 2, 388, 0.8461538461538461, 0.8049792531120332, 0.9948717948717949, 0.5982905982905983, 0.8899082568807339, 0.6849299382552304, 0.932199211045365
0.5160000000133941, 141, 93, 2, 388, 0.8477564102564102, 0.8066528066528067, 0.9948717948717949, 0.6025641025641025, 0.8909299655568312, 0.6881624783759427, 0.932199211045365
0.5180000000133941, 141, 93, 3, 387, 0.8461538461538461, 0.80625, 0.9923076923076923, 0.6025641025641025, 0.8896551724137931, 0.683536555146996, 0.932199211045365
0.5200000000133941, 141, 93, 3, 387, 0.8461538461538461, 0.80625, 0.9923076923076923, 0.6025641025641025, 0.8896551724137931, 0.683536555146996, 0.932199211045365
0.5220000000133941, 141, 93, 3, 387, 0.8461538461538461, 0.80625, 0.9923076923076923, 0.6025641025641025, 0.8896551724137931, 0.683536555146996, 0.932199211045365
0.5240000000133941, 141, 93, 3, 387, 0.8461538461538461, 0.80625, 0.9923076923076923, 0.6025641025641025, 0.8896551724137931, 0.683536555146996, 0.932199211045365
0.5260000000133941, 141, 93, 3, 387, 0.8461538461538461, 0.80625, 0.9923076923076923, 0.6025641025641025, 0.8896551724137931, 0.683536555146996, 0.932199211045365
0.5280000000133941, 141, 93, 3, 387, 0.8461538461538461, 0.80625, 0.9923076923076923, 0.6025641025641025, 0.8896551724137931, 0.683536555146996, 0.932199211045365
0.5300000000133941, 141, 93, 3, 387, 0.8461538461538461, 0.80625, 0.9923076923076923, 0.6025641025641025, 0.8896551724137931, 0.683536555146996, 0.932199211045365
0.5320000000133941, 141, 93, 3, 387, 0.8461538461538461, 0.80625, 0.9923076923076923, 0.6025641025641025, 0.8896551724137931, 0.683536555146996, 0.932199211045365
0.5340000000133941, 141, 93, 3, 387, 0.8461538461538461, 0.80625, 0.9923076923076923, 0.6025641025641025, 0.8896551724137931, 0.683536555146996, 0.932199211045365
0.5360000000133941, 141, 93, 3, 387, 0.8461538461538461, 0.80625, 0.9923076923076923, 0.6025641025641025, 0.8896551724137931, 0.683536555146996, 0.932199211045365
0.5380000000133941, 141, 93, 3, 387, 0.8461538461538461, 0.80625, 0.9923076923076923, 0.6025641025641025, 0.8896551724137931, 0.683536555146996, 0.932199211045365
0.5400000000133941, 141, 93, 3, 387, 0.8461538461538461, 0.80625, 0.9923076923076923, 0.6025641025641025, 0.8896551724137931, 0.683536555146996, 0.932199211045365
0.5420000000133941, 141, 93, 3, 387, 0.8461538461538461, 0.80625, 0.9923076923076923, 0.6025641025641025, 0.8896551724137931, 0.683536555146996, 0.932199211045365
0.5440000000133941, 141, 93, 3, 387, 0.8461538461538461, 0.80625, 0.9923076923076923, 0.6025641025641025, 0.8896551724137931, 0.683536555146996, 0.932199211045365
0.5460000000133941, 141, 93, 3, 387, 0.8461538461538461, 0.80625, 0.9923076923076923, 0.6025641025641025, 0.8896551724137931, 0.683536555146996, 0.932199211045365
0.5480000000133941, 141, 93, 3, 387, 0.8461538461538461, 0.80625, 0.9923076923076923, 0.6025641025641025, 0.8896551724137931, 0.683536555146996, 0.932199211045365
0.5500000000133941, 141, 93, 3, 387, 0.8461538461538461, 0.80625, 0.9923076923076923, 0.6025641025641025, 0.8896551724137931, 0.683536555146996, 0.932199211045365
0.5520000000133941, 141, 93, 3, 387, 0.8461538461538461, 0.80625, 0.9923076923076923, 0.6025641025641025, 0.8896551724137931, 0.683536555146996, 0.932199211045365
0.5540000000133941, 141, 93, 3, 387, 0.8461538461538461, 0.80625, 0.9923076923076923, 0.6025641025641025, 0.8896551724137931, 0.683536555146996, 0.932199211045365
0.5560000000133941, 141, 93, 3, 387, 0.8461538461538461, 0.80625, 0.9923076923076923, 0.6025641025641025, 0.8896551724137931, 0.683536555146996, 0.932199211045365
0.5580000000133941, 141, 93, 3, 387, 0.8461538461538461, 0.80625, 0.9923076923076923, 0.6025641025641025, 0.8896551724137931, 0.683536555146996, 0.932199211045365
0.5600000000133941, 141, 93, 3, 387, 0.8461538461538461, 0.80625, 0.9923076923076923, 0.6025641025641025, 0.8896551724137931, 0.683536555146996, 0.932199211045365
0.5620000000133941, 141, 93, 3, 387, 0.8461538461538461, 0.80625, 0.9923076923076923, 0.6025641025641025, 0.8896551724137931, 0.683536555146996, 0.932199211045365
0.5640000000133941, 141, 93, 3, 387, 0.8461538461538461, 0.80625, 0.9923076923076923, 0.6025641025641025, 0.8896551724137931, 0.683536555146996, 0.932199211045365
0.5660000000133941, 141, 93, 3, 387, 0.8461538461538461, 0.80625, 0.9923076923076923, 0.6025641025641025, 0.8896551724137931, 0.683536555146996, 0.932199211045365
0.5680000000133941, 141, 93, 3, 387, 0.8461538461538461, 0.80625, 0.9923076923076923, 0.6025641025641025, 0.8896551724137931, 0.683536555146996, 0.932199211045365
0.5700000000133941, 141, 93, 3, 387, 0.8461538461538461, 0.80625, 0.9923076923076923, 0.6025641025641025, 0.8896551724137931, 0.683536555146996, 0.932199211045365
0.5720000000133941, 141, 93, 3, 387, 0.8461538461538461, 0.80625, 0.9923076923076923, 0.6025641025641025, 0.8896551724137931, 0.683536555146996, 0.932199211045365
0.5740000000133941, 141, 93, 3, 387, 0.8461538461538461, 0.80625, 0.9923076923076923, 0.6025641025641025, 0.8896551724137931, 0.683536555146996, 0.932199211045365
0.5760000000133941, 141, 93, 3, 387, 0.8461538461538461, 0.80625, 0.9923076923076923, 0.6025641025641025, 0.8896551724137931, 0.683536555146996, 0.932199211045365
0.5780000000133941, 141, 93, 3, 387, 0.8461538461538461, 0.80625, 0.9923076923076923, 0.6025641025641025, 0.8896551724137931, 0.683536555146996, 0.932199211045365
0.5800000000133941, 141, 93, 3, 387, 0.8461538461538461, 0.80625, 0.9923076923076923, 0.6025641025641025, 0.8896551724137931, 0.683536555146996, 0.932199211045365
0.5820000000133941, 142, 92, 3, 387, 0.8477564102564102, 0.8079331941544885, 0.9923076923076923, 0.6068376068376068, 0.8906789413118527, 0.6867847302201899, 0.932199211045365
0.5840000000133941, 142, 92, 3, 387, 0.8477564102564102, 0.8079331941544885, 0.9923076923076923, 0.6068376068376068, 0.8906789413118527, 0.6867847302201899, 0.932199211045365
0.5860000000133941, 143, 91, 3, 387, 0.8493589743589743, 0.8096234309623431, 0.9923076923076923, 0.6111111111111112, 0.8917050691244239, 0.6900311481538479, 0.932199211045365
0.5880000000133941, 143, 91, 3, 387, 0.8493589743589743, 0.8096234309623431, 0.9923076923076923, 0.6111111111111112, 0.8917050691244239, 0.6900311481538479, 0.932199211045365
0.5900000000133941, 143, 91, 3, 387, 0.8493589743589743, 0.8096234309623431, 0.9923076923076923, 0.6111111111111112, 0.8917050691244239, 0.6900311481538479, 0.932199211045365
0.5920000000133941, 143, 91, 3, 387, 0.8493589743589743, 0.8096234309623431, 0.9923076923076923, 0.6111111111111112, 0.8917050691244239, 0.6900311481538479, 0.932199211045365
0.5940000000133941, 143, 91, 3, 387, 0.8493589743589743, 0.8096234309623431, 0.9923076923076923, 0.6111111111111112, 0.8917050691244239, 0.6900311481538479, 0.932199211045365
0.5960000000133941, 143, 91, 3, 387, 0.8493589743589743, 0.8096234309623431, 0.9923076923076923, 0.6111111111111112, 0.8917050691244239, 0.6900311481538479, 0.932199211045365
0.5980000000133942, 143, 91, 3, 387, 0.8493589743589743, 0.8096234309623431, 0.9923076923076923, 0.6111111111111112, 0.8917050691244239, 0.6900311481538479, 0.932199211045365
0.6000000000133942, 143, 91, 3, 387, 0.8493589743589743, 0.8096234309623431, 0.9923076923076923, 0.6111111111111112, 0.8917050691244239, 0.6900311481538479, 0.932199211045365
0.6020000000133942, 143, 91, 3, 387, 0.8493589743589743, 0.8096234309623431, 0.9923076923076923, 0.6111111111111112, 0.8917050691244239, 0.6900311481538479, 0.932199211045365
0.6040000000133942, 143, 91, 3, 387, 0.8493589743589743, 0.8096234309623431, 0.9923076923076923, 0.6111111111111112, 0.8917050691244239, 0.6900311481538479, 0.932199211045365
0.6060000000133942, 143, 91, 3, 387, 0.8493589743589743, 0.8096234309623431, 0.9923076923076923, 0.6111111111111112, 0.8917050691244239, 0.6900311481538479, 0.932199211045365
0.6080000000133942, 143, 91, 3, 387, 0.8493589743589743, 0.8096234309623431, 0.9923076923076923, 0.6111111111111112, 0.8917050691244239, 0.6900311481538479, 0.932199211045365
0.6100000000133942, 143, 91, 3, 387, 0.8493589743589743, 0.8096234309623431, 0.9923076923076923, 0.6111111111111112, 0.8917050691244239, 0.6900311481538479, 0.932199211045365
0.6120000000133942, 143, 91, 3, 387, 0.8493589743589743, 0.8096234309623431, 0.9923076923076923, 0.6111111111111112, 0.8917050691244239, 0.6900311481538479, 0.932199211045365
0.6140000000133942, 143, 91, 3, 387, 0.8493589743589743, 0.8096234309623431, 0.9923076923076923, 0.6111111111111112, 0.8917050691244239, 0.6900311481538479, 0.932199211045365
0.6160000000133942, 143, 91, 3, 387, 0.8493589743589743, 0.8096234309623431, 0.9923076923076923, 0.6111111111111112, 0.8917050691244239, 0.6900311481538479, 0.932199211045365
0.6180000000133942, 143, 91, 3, 387, 0.8493589743589743, 0.8096234309623431, 0.9923076923076923, 0.6111111111111112, 0.8917050691244239, 0.6900311481538479, 0.932199211045365
0.6200000000133942, 143, 91, 3, 387, 0.8493589743589743, 0.8096234309623431, 0.9923076923076923, 0.6111111111111112, 0.8917050691244239, 0.6900311481538479, 0.932199211045365
0.6220000000133942, 143, 91, 3, 387, 0.8493589743589743, 0.8096234309623431, 0.9923076923076923, 0.6111111111111112, 0.8917050691244239, 0.6900311481538479, 0.932199211045365
0.6240000000133942, 143, 91, 3, 387, 0.8493589743589743, 0.8096234309623431, 0.9923076923076923, 0.6111111111111112, 0.8917050691244239, 0.6900311481538479, 0.932199211045365
0.6260000000133942, 143, 91, 3, 387, 0.8493589743589743, 0.8096234309623431, 0.9923076923076923, 0.6111111111111112, 0.8917050691244239, 0.6900311481538479, 0.932199211045365
0.6280000000133942, 143, 91, 3, 387, 0.8493589743589743, 0.8096234309623431, 0.9923076923076923, 0.6111111111111112, 0.8917050691244239, 0.6900311481538479, 0.932199211045365
0.6300000000133942, 143, 91, 3, 387, 0.8493589743589743, 0.8096234309623431, 0.9923076923076923, 0.6111111111111112, 0.8917050691244239, 0.6900311481538479, 0.932199211045365
0.6320000000133942, 143, 91, 3, 387, 0.8493589743589743, 0.8096234309623431, 0.9923076923076923, 0.6111111111111112, 0.8917050691244239, 0.6900311481538479, 0.932199211045365
0.6340000000133942, 143, 91, 3, 387, 0.8493589743589743, 0.8096234309623431, 0.9923076923076923, 0.6111111111111112, 0.8917050691244239, 0.6900311481538479, 0.932199211045365
0.6360000000133942, 143, 91, 3, 387, 0.8493589743589743, 0.8096234309623431, 0.9923076923076923, 0.6111111111111112, 0.8917050691244239, 0.6900311481538479, 0.932199211045365
0.6380000000133942, 143, 91, 3, 387, 0.8493589743589743, 0.8096234309623431, 0.9923076923076923, 0.6111111111111112, 0.8917050691244239, 0.6900311481538479, 0.932199211045365
0.6400000000133942, 143, 91, 3, 387, 0.8493589743589743, 0.8096234309623431, 0.9923076923076923, 0.6111111111111112, 0.8917050691244239, 0.6900311481538479, 0.932199211045365
0.6420000000133942, 143, 91, 3, 387, 0.8493589743589743, 0.8096234309623431, 0.9923076923076923, 0.6111111111111112, 0.8917050691244239, 0.6900311481538479, 0.932199211045365
0.6440000000133942, 143, 91, 3, 387, 0.8493589743589743, 0.8096234309623431, 0.9923076923076923, 0.6111111111111112, 0.8917050691244239, 0.6900311481538479, 0.932199211045365
0.6460000000133942, 143, 91, 3, 387, 0.8493589743589743, 0.8096234309623431, 0.9923076923076923, 0.6111111111111112, 0.8917050691244239, 0.6900311481538479, 0.932199211045365
0.6480000000133942, 143, 91, 3, 387, 0.8493589743589743, 0.8096234309623431, 0.9923076923076923, 0.6111111111111112, 0.8917050691244239, 0.6900311481538479, 0.932199211045365
0.6500000000133942, 143, 91, 3, 387, 0.8493589743589743, 0.8096234309623431, 0.9923076923076923, 0.6111111111111112, 0.8917050691244239, 0.6900311481538479, 0.932199211045365
0.6520000000133942, 143, 91, 3, 387, 0.8493589743589743, 0.8096234309623431, 0.9923076923076923, 0.6111111111111112, 0.8917050691244239, 0.6900311481538479, 0.932199211045365
0.6540000000133942, 143, 91, 3, 387, 0.8493589743589743, 0.8096234309623431, 0.9923076923076923, 0.6111111111111112, 0.8917050691244239, 0.6900311481538479, 0.932199211045365
0.6560000000133942, 143, 91, 3, 387, 0.8493589743589743, 0.8096234309623431, 0.9923076923076923, 0.6111111111111112, 0.8917050691244239, 0.6900311481538479, 0.932199211045365
0.6580000000133942, 143, 91, 3, 387, 0.8493589743589743, 0.8096234309623431, 0.9923076923076923, 0.6111111111111112, 0.8917050691244239, 0.6900311481538479, 0.932199211045365
0.6600000000133942, 143, 91, 3, 387, 0.8493589743589743, 0.8096234309623431, 0.9923076923076923, 0.6111111111111112, 0.8917050691244239, 0.6900311481538479, 0.932199211045365
0.6620000000133942, 143, 91, 3, 387, 0.8493589743589743, 0.8096234309623431, 0.9923076923076923, 0.6111111111111112, 0.8917050691244239, 0.6900311481538479, 0.932199211045365
0.6640000000133942, 143, 91, 3, 387, 0.8493589743589743, 0.8096234309623431, 0.9923076923076923, 0.6111111111111112, 0.8917050691244239, 0.6900311481538479, 0.932199211045365
0.6660000000133942, 143, 91, 3, 387, 0.8493589743589743, 0.8096234309623431, 0.9923076923076923, 0.6111111111111112, 0.8917050691244239, 0.6900311481538479, 0.932199211045365
0.6680000000133942, 143, 91, 3, 387, 0.8493589743589743, 0.8096234309623431, 0.9923076923076923, 0.6111111111111112, 0.8917050691244239, 0.6900311481538479, 0.932199211045365
0.6700000000133942, 144, 90, 3, 387, 0.8509615384615384, 0.8113207547169812, 0.9923076923076923, 0.6153846153846154, 0.8927335640138409, 0.6932759175697448, 0.932199211045365
0.6720000000133942, 144, 90, 3, 387, 0.8509615384615384, 0.8113207547169812, 0.9923076923076923, 0.6153846153846154, 0.8927335640138409, 0.6932759175697448, 0.932199211045365
0.6740000000133942, 144, 90, 3, 387, 0.8509615384615384, 0.8113207547169812, 0.9923076923076923, 0.6153846153846154, 0.8927335640138409, 0.6932759175697448, 0.932199211045365
0.6760000000133942, 145, 89, 3, 387, 0.8525641025641025, 0.8130252100840336, 0.9923076923076923, 0.6196581196581197, 0.8937644341801386, 0.6965191457763656, 0.932199211045365
0.6780000000133942, 145, 89, 3, 387, 0.8525641025641025, 0.8130252100840336, 0.9923076923076923, 0.6196581196581197, 0.8937644341801386, 0.6965191457763656, 0.932199211045365
0.6800000000133942, 145, 89, 3, 387, 0.8525641025641025, 0.8130252100840336, 0.9923076923076923, 0.6196581196581197, 0.8937644341801386, 0.6965191457763656, 0.932199211045365
0.6820000000133942, 145, 89, 3, 387, 0.8525641025641025, 0.8130252100840336, 0.9923076923076923, 0.6196581196581197, 0.8937644341801386, 0.6965191457763656, 0.932199211045365
0.6840000000133942, 146, 88, 3, 387, 0.8541666666666666, 0.8147368421052632, 0.9923076923076923, 0.6239316239316239, 0.8947976878612717, 0.6997609388086743, 0.932199211045365
0.6860000000133942, 146, 88, 3, 387, 0.8541666666666666, 0.8147368421052632, 0.9923076923076923, 0.6239316239316239, 0.8947976878612717, 0.6997609388086743, 0.932199211045365
0.6880000000133942, 146, 88, 3, 387, 0.8541666666666666, 0.8147368421052632, 0.9923076923076923, 0.6239316239316239, 0.8947976878612717, 0.6997609388086743, 0.932199211045365
0.6900000000133942, 146, 88, 3, 387, 0.8541666666666666, 0.8147368421052632, 0.9923076923076923, 0.6239316239316239, 0.8947976878612717, 0.6997609388086743, 0.932199211045365
0.6920000000133942, 147, 87, 3, 387, 0.8557692307692307, 0.8164556962025317, 0.9923076923076923, 0.6282051282051282, 0.8958333333333334, 0.7030014014666934, 0.932199211045365
0.6940000000133942, 147, 87, 3, 387, 0.8557692307692307, 0.8164556962025317, 0.9923076923076923, 0.6282051282051282, 0.8958333333333334, 0.7030014014666934, 0.932199211045365
0.6960000000133942, 147, 87, 3, 387, 0.8557692307692307, 0.8164556962025317, 0.9923076923076923, 0.6282051282051282, 0.8958333333333334, 0.7030014014666934, 0.932199211045365
0.6980000000133942, 147, 87, 3, 387, 0.8557692307692307, 0.8164556962025317, 0.9923076923076923, 0.6282051282051282, 0.8958333333333334, 0.7030014014666934, 0.932199211045365
0.7000000000133942, 147, 87, 3, 387, 0.8557692307692307, 0.8164556962025317, 0.9923076923076923, 0.6282051282051282, 0.8958333333333334, 0.7030014014666934, 0.932199211045365
0.7020000000133942, 147, 87, 3, 387, 0.8557692307692307, 0.8164556962025317, 0.9923076923076923, 0.6282051282051282, 0.8958333333333334, 0.7030014014666934, 0.932199211045365
0.7040000000133942, 147, 87, 3, 387, 0.8557692307692307, 0.8164556962025317, 0.9923076923076923, 0.6282051282051282, 0.8958333333333334, 0.7030014014666934, 0.932199211045365
0.7060000000133942, 147, 87, 3, 387, 0.8557692307692307, 0.8164556962025317, 0.9923076923076923, 0.6282051282051282, 0.8958333333333334, 0.7030014014666934, 0.932199211045365
0.7080000000133942, 147, 87, 3, 387, 0.8557692307692307, 0.8164556962025317, 0.9923076923076923, 0.6282051282051282, 0.8958333333333334, 0.7030014014666934, 0.932199211045365
0.7100000000133943, 147, 87, 3, 387, 0.8557692307692307, 0.8164556962025317, 0.9923076923076923, 0.6282051282051282, 0.8958333333333334, 0.7030014014666934, 0.932199211045365
0.7120000000133943, 148, 86, 3, 387, 0.8573717948717948, 0.8181818181818182, 0.9923076923076923, 0.6324786324786325, 0.8968713789107764, 0.706240637352939, 0.932199211045365
0.7140000000133943, 148, 86, 3, 387, 0.8573717948717948, 0.8181818181818182, 0.9923076923076923, 0.6324786324786325, 0.8968713789107764, 0.706240637352939, 0.932199211045365
0.7160000000133943, 148, 86, 3, 387, 0.8573717948717948, 0.8181818181818182, 0.9923076923076923, 0.6324786324786325, 0.8968713789107764, 0.706240637352939, 0.932199211045365
0.7180000000133943, 149, 85, 3, 387, 0.8589743589743589, 0.8199152542372882, 0.9923076923076923, 0.6367521367521367, 0.8979118329466357, 0.7094787489087584, 0.932199211045365
0.7200000000133943, 149, 85, 3, 387, 0.8589743589743589, 0.8199152542372882, 0.9923076923076923, 0.6367521367521367, 0.8979118329466357, 0.7094787489087584, 0.932199211045365
0.7220000000133943, 149, 85, 3, 387, 0.8589743589743589, 0.8199152542372882, 0.9923076923076923, 0.6367521367521367, 0.8979118329466357, 0.7094787489087584, 0.932199211045365
0.7240000000133943, 149, 85, 3, 387, 0.8589743589743589, 0.8199152542372882, 0.9923076923076923, 0.6367521367521367, 0.8979118329466357, 0.7094787489087584, 0.932199211045365
0.7260000000133943, 150, 84, 3, 387, 0.8605769230769231, 0.821656050955414, 0.9923076923076923, 0.6410256410256411, 0.8989547038327527, 0.7127158374496114, 0.932199211045365
0.7280000000133943, 150, 84, 3, 387, 0.8605769230769231, 0.821656050955414, 0.9923076923076923, 0.6410256410256411, 0.8989547038327527, 0.7127158374496114, 0.932199211045365
0.7300000000133943, 151, 83, 3, 387, 0.8621794871794872, 0.823404255319149, 0.9923076923076923, 0.6452991452991453, 0.9, 0.7159520031993368, 0.932199211045365
0.7320000000133943, 151, 83, 3, 387, 0.8621794871794872, 0.823404255319149, 0.9923076923076923, 0.6452991452991453, 0.9, 0.7159520031993368, 0.932199211045365
0.7340000000133943, 151, 83, 3, 387, 0.8621794871794872, 0.823404255319149, 0.9923076923076923, 0.6452991452991453, 0.9, 0.7159520031993368, 0.932199211045365
0.7360000000133943, 151, 83, 3, 387, 0.8621794871794872, 0.823404255319149, 0.9923076923076923, 0.6452991452991453, 0.9, 0.7159520031993368, 0.932199211045365
0.7380000000133943, 151, 83, 3, 387, 0.8621794871794872, 0.823404255319149, 0.9923076923076923, 0.6452991452991453, 0.9, 0.7159520031993368, 0.932199211045365
0.7400000000133943, 151, 83, 3, 387, 0.8621794871794872, 0.823404255319149, 0.9923076923076923, 0.6452991452991453, 0.9, 0.7159520031993368, 0.932199211045365
0.7420000000133943, 151, 83, 3, 387, 0.8621794871794872, 0.823404255319149, 0.9923076923076923, 0.6452991452991453, 0.9, 0.7159520031993368, 0.932199211045365
0.7440000000133943, 151, 83, 3, 387, 0.8621794871794872, 0.823404255319149, 0.9923076923076923, 0.6452991452991453, 0.9, 0.7159520031993368, 0.932199211045365
0.7460000000133943, 151, 83, 3, 387, 0.8621794871794872, 0.823404255319149, 0.9923076923076923, 0.6452991452991453, 0.9, 0.7159520031993368, 0.932199211045365
0.7480000000133943, 151, 83, 3, 387, 0.8621794871794872, 0.823404255319149, 0.9923076923076923, 0.6452991452991453, 0.9, 0.7159520031993368, 0.932199211045365
0.7500000000133943, 151, 83, 3, 387, 0.8621794871794872, 0.823404255319149, 0.9923076923076923, 0.6452991452991453, 0.9, 0.7159520031993368, 0.932199211045365
0.7520000000133943, 151, 83, 3, 387, 0.8621794871794872, 0.823404255319149, 0.9923076923076923, 0.6452991452991453, 0.9, 0.7159520031993368, 0.932199211045365
0.7540000000133943, 151, 83, 3, 387, 0.8621794871794872, 0.823404255319149, 0.9923076923076923, 0.6452991452991453, 0.9, 0.7159520031993368, 0.932199211045365
0.7560000000133943, 151, 83, 3, 387, 0.8621794871794872, 0.823404255319149, 0.9923076923076923, 0.6452991452991453, 0.9, 0.7159520031993368, 0.932199211045365
0.7580000000133943, 151, 83, 3, 387, 0.8621794871794872, 0.823404255319149, 0.9923076923076923, 0.6452991452991453, 0.9, 0.7159520031993368, 0.932199211045365
0.7600000000133943, 151, 83, 3, 387, 0.8621794871794872, 0.823404255319149, 0.9923076923076923, 0.6452991452991453, 0.9, 0.7159520031993368, 0.932199211045365
0.7620000000133943, 151, 83, 3, 387, 0.8621794871794872, 0.823404255319149, 0.9923076923076923, 0.6452991452991453, 0.9, 0.7159520031993368, 0.932199211045365
0.7640000000133943, 151, 83, 3, 387, 0.8621794871794872, 0.823404255319149, 0.9923076923076923, 0.6452991452991453, 0.9, 0.7159520031993368, 0.932199211045365
0.7660000000133943, 151, 83, 3, 387, 0.8621794871794872, 0.823404255319149, 0.9923076923076923, 0.6452991452991453, 0.9, 0.7159520031993368, 0.932199211045365
0.7680000000133943, 151, 83, 3, 387, 0.8621794871794872, 0.823404255319149, 0.9923076923076923, 0.6452991452991453, 0.9, 0.7159520031993368, 0.932199211045365
0.7700000000133943, 151, 83, 3, 387, 0.8621794871794872, 0.823404255319149, 0.9923076923076923, 0.6452991452991453, 0.9, 0.7159520031993368, 0.932199211045365
0.7720000000133943, 151, 83, 3, 387, 0.8621794871794872, 0.823404255319149, 0.9923076923076923, 0.6452991452991453, 0.9, 0.7159520031993368, 0.932199211045365
0.7740000000133943, 151, 83, 3, 387, 0.8621794871794872, 0.823404255319149, 0.9923076923076923, 0.6452991452991453, 0.9, 0.7159520031993368, 0.932199211045365
0.7760000000133943, 151, 83, 3, 387, 0.8621794871794872, 0.823404255319149, 0.9923076923076923, 0.6452991452991453, 0.9, 0.7159520031993368, 0.932199211045365
0.7780000000133943, 151, 83, 3, 387, 0.8621794871794872, 0.823404255319149, 0.9923076923076923, 0.6452991452991453, 0.9, 0.7159520031993368, 0.932199211045365
0.7800000000133943, 151, 83, 3, 387, 0.8621794871794872, 0.823404255319149, 0.9923076923076923, 0.6452991452991453, 0.9, 0.7159520031993368, 0.932199211045365
0.7820000000133943, 151, 83, 3, 387, 0.8621794871794872, 0.823404255319149, 0.9923076923076923, 0.6452991452991453, 0.9, 0.7159520031993368, 0.932199211045365
0.7840000000133943, 152, 82, 3, 387, 0.8637820512820513, 0.8251599147121536, 0.9923076923076923, 0.6495726495726496, 0.9010477299185099, 0.7191873453234451, 0.932199211045365
0.7860000000133943, 152, 82, 3, 387, 0.8637820512820513, 0.8251599147121536, 0.9923076923076923, 0.6495726495726496, 0.9010477299185099, 0.7191873453234451, 0.932199211045365
0.7880000000133943, 152, 82, 3, 387, 0.8637820512820513, 0.8251599147121536, 0.9923076923076923, 0.6495726495726496, 0.9010477299185099, 0.7191873453234451, 0.932199211045365
0.7900000000133943, 152, 82, 3, 387, 0.8637820512820513, 0.8251599147121536, 0.9923076923076923, 0.6495726495726496, 0.9010477299185099, 0.7191873453234451, 0.932199211045365
0.7920000000133943, 152, 82, 3, 387, 0.8637820512820513, 0.8251599147121536, 0.9923076923076923, 0.6495726495726496, 0.9010477299185099, 0.7191873453234451, 0.932199211045365
0.7940000000133943, 153, 81, 3, 387, 0.8653846153846154, 0.8269230769230769, 0.9923076923076923, 0.6538461538461539, 0.9020979020979021, 0.7224219619614705, 0.932199211045365
0.7960000000133943, 153, 81, 3, 387, 0.8653846153846154, 0.8269230769230769, 0.9923076923076923, 0.6538461538461539, 0.9020979020979021, 0.7224219619614705, 0.932199211045365
0.7980000000133943, 153, 81, 3, 387, 0.8653846153846154, 0.8269230769230769, 0.9923076923076923, 0.6538461538461539, 0.9020979020979021, 0.7224219619614705, 0.932199211045365
0.8000000000133943, 154, 80, 3, 387, 0.8669871794871795, 0.828693790149893, 0.9923076923076923, 0.6581196581196581, 0.9031505250875146, 0.7256559502584237, 0.932199211045365
0.8020000000133943, 154, 80, 3, 387, 0.8669871794871795, 0.828693790149893, 0.9923076923076923, 0.6581196581196581, 0.9031505250875146, 0.7256559502584237, 0.932199211045365
0.8040000000133943, 154, 80, 3, 387, 0.8669871794871795, 0.828693790149893, 0.9923076923076923, 0.6581196581196581, 0.9031505250875146, 0.7256559502584237, 0.932199211045365
0.8060000000133943, 154, 80, 3, 387, 0.8669871794871795, 0.828693790149893, 0.9923076923076923, 0.6581196581196581, 0.9031505250875146, 0.7256559502584237, 0.932199211045365
0.8080000000133943, 154, 80, 3, 387, 0.8669871794871795, 0.828693790149893, 0.9923076923076923, 0.6581196581196581, 0.9031505250875146, 0.7256559502584237, 0.932199211045365
0.8100000000133943, 154, 80, 3, 387, 0.8669871794871795, 0.828693790149893, 0.9923076923076923, 0.6581196581196581, 0.9031505250875146, 0.7256559502584237, 0.932199211045365
0.8120000000133943, 154, 80, 3, 387, 0.8669871794871795, 0.828693790149893, 0.9923076923076923, 0.6581196581196581, 0.9031505250875146, 0.7256559502584237, 0.932199211045365
0.8140000000133943, 154, 80, 3, 387, 0.8669871794871795, 0.828693790149893, 0.9923076923076923, 0.6581196581196581, 0.9031505250875146, 0.7256559502584237, 0.932199211045365
0.8160000000133943, 154, 80, 3, 387, 0.8669871794871795, 0.828693790149893, 0.9923076923076923, 0.6581196581196581, 0.9031505250875146, 0.7256559502584237, 0.932199211045365
0.8180000000133943, 154, 80, 3, 387, 0.8669871794871795, 0.828693790149893, 0.9923076923076923, 0.6581196581196581, 0.9031505250875146, 0.7256559502584237, 0.932199211045365
0.8200000000133943, 154, 80, 3, 387, 0.8669871794871795, 0.828693790149893, 0.9923076923076923, 0.6581196581196581, 0.9031505250875146, 0.7256559502584237, 0.932199211045365
0.8220000000133943, 154, 80, 3, 387, 0.8669871794871795, 0.828693790149893, 0.9923076923076923, 0.6581196581196581, 0.9031505250875146, 0.7256559502584237, 0.932199211045365
0.8240000000133944, 154, 80, 3, 387, 0.8669871794871795, 0.828693790149893, 0.9923076923076923, 0.6581196581196581, 0.9031505250875146, 0.7256559502584237, 0.932199211045365
0.8260000000133944, 154, 80, 3, 387, 0.8669871794871795, 0.828693790149893, 0.9923076923076923, 0.6581196581196581, 0.9031505250875146, 0.7256559502584237, 0.932199211045365
0.8280000000133944, 154, 80, 3, 387, 0.8669871794871795, 0.828693790149893, 0.9923076923076923, 0.6581196581196581, 0.9031505250875146, 0.7256559502584237, 0.932199211045365
0.8300000000133944, 154, 80, 3, 387, 0.8669871794871795, 0.828693790149893, 0.9923076923076923, 0.6581196581196581, 0.9031505250875146, 0.7256559502584237, 0.932199211045365
0.8320000000133944, 154, 80, 3, 387, 0.8669871794871795, 0.828693790149893, 0.9923076923076923, 0.6581196581196581, 0.9031505250875146, 0.7256559502584237, 0.932199211045365
0.8340000000133944, 154, 80, 3, 387, 0.8669871794871795, 0.828693790149893, 0.9923076923076923, 0.6581196581196581, 0.9031505250875146, 0.7256559502584237, 0.932199211045365
0.8360000000133944, 154, 80, 3, 387, 0.8669871794871795, 0.828693790149893, 0.9923076923076923, 0.6581196581196581, 0.9031505250875146, 0.7256559502584237, 0.932199211045365
0.8380000000133944, 154, 80, 3, 387, 0.8669871794871795, 0.828693790149893, 0.9923076923076923, 0.6581196581196581, 0.9031505250875146, 0.7256559502584237, 0.932199211045365
0.8400000000133944, 154, 80, 3, 387, 0.8669871794871795, 0.828693790149893, 0.9923076923076923, 0.6581196581196581, 0.9031505250875146, 0.7256559502584237, 0.932199211045365
0.8420000000133944, 154, 80, 3, 387, 0.8669871794871795, 0.828693790149893, 0.9923076923076923, 0.6581196581196581, 0.9031505250875146, 0.7256559502584237, 0.932199211045365
0.8440000000133944, 154, 80, 3, 387, 0.8669871794871795, 0.828693790149893, 0.9923076923076923, 0.6581196581196581, 0.9031505250875146, 0.7256559502584237, 0.932199211045365
0.8460000000133944, 154, 80, 3, 387, 0.8669871794871795, 0.828693790149893, 0.9923076923076923, 0.6581196581196581, 0.9031505250875146, 0.7256559502584237, 0.932199211045365
0.8480000000133944, 154, 80, 3, 387, 0.8669871794871795, 0.828693790149893, 0.9923076923076923, 0.6581196581196581, 0.9031505250875146, 0.7256559502584237, 0.932199211045365
0.8500000000133944, 154, 80, 3, 387, 0.8669871794871795, 0.828693790149893, 0.9923076923076923, 0.6581196581196581, 0.9031505250875146, 0.7256559502584237, 0.932199211045365
0.8520000000133944, 154, 80, 3, 387, 0.8669871794871795, 0.828693790149893, 0.9923076923076923, 0.6581196581196581, 0.9031505250875146, 0.7256559502584237, 0.932199211045365
0.8540000000133944, 154, 80, 3, 387, 0.8669871794871795, 0.828693790149893, 0.9923076923076923, 0.6581196581196581, 0.9031505250875146, 0.7256559502584237, 0.932199211045365
0.8560000000133944, 155, 79, 3, 387, 0.8685897435897436, 0.8304721030042919, 0.9923076923076923, 0.6623931623931624, 0.9042056074766355, 0.7288894063953743, 0.932199211045365
0.8580000000133944, 155, 79, 3, 387, 0.8685897435897436, 0.8304721030042919, 0.9923076923076923, 0.6623931623931624, 0.9042056074766355, 0.7288894063953743, 0.932199211045365
0.8600000000133944, 155, 79, 3, 387, 0.8685897435897436, 0.8304721030042919, 0.9923076923076923, 0.6623931623931624, 0.9042056074766355, 0.7288894063953743, 0.932199211045365
0.8620000000133944, 155, 79, 3, 387, 0.8685897435897436, 0.8304721030042919, 0.9923076923076923, 0.6623931623931624, 0.9042056074766355, 0.7288894063953743, 0.932199211045365
0.8640000000133944, 155, 79, 3, 387, 0.8685897435897436, 0.8304721030042919, 0.9923076923076923, 0.6623931623931624, 0.9042056074766355, 0.7288894063953743, 0.932199211045365
0.8660000000133944, 155, 79, 3, 387, 0.8685897435897436, 0.8304721030042919, 0.9923076923076923, 0.6623931623931624, 0.9042056074766355, 0.7288894063953743, 0.932199211045365
0.8680000000133944, 155, 79, 3, 387, 0.8685897435897436, 0.8304721030042919, 0.9923076923076923, 0.6623931623931624, 0.9042056074766355, 0.7288894063953743, 0.932199211045365
0.8700000000133944, 155, 79, 3, 387, 0.8685897435897436, 0.8304721030042919, 0.9923076923076923, 0.6623931623931624, 0.9042056074766355, 0.7288894063953743, 0.932199211045365
0.8720000000133944, 155, 79, 3, 387, 0.8685897435897436, 0.8304721030042919, 0.9923076923076923, 0.6623931623931624, 0.9042056074766355, 0.7288894063953743, 0.932199211045365
0.8740000000133944, 155, 79, 3, 387, 0.8685897435897436, 0.8304721030042919, 0.9923076923076923, 0.6623931623931624, 0.9042056074766355, 0.7288894063953743, 0.932199211045365
0.8760000000133944, 156, 78, 3, 387, 0.8701923076923077, 0.832258064516129, 0.9923076923076923, 0.6666666666666666, 0.9052631578947369, 0.7321224256192009, 0.932199211045365
0.8780000000133944, 156, 78, 3, 387, 0.8701923076923077, 0.832258064516129, 0.9923076923076923, 0.6666666666666666, 0.9052631578947369, 0.7321224256192009, 0.932199211045365
0.8800000000133944, 156, 78, 3, 387, 0.8701923076923077, 0.832258064516129, 0.9923076923076923, 0.6666666666666666, 0.9052631578947369, 0.7321224256192009, 0.932199211045365
0.8820000000133944, 156, 78, 3, 387, 0.8701923076923077, 0.832258064516129, 0.9923076923076923, 0.6666666666666666, 0.9052631578947369, 0.7321224256192009, 0.932199211045365
0.8840000000133944, 156, 78, 3, 387, 0.8701923076923077, 0.832258064516129, 0.9923076923076923, 0.6666666666666666, 0.9052631578947369, 0.7321224256192009, 0.932199211045365
0.8860000000133944, 156, 78, 3, 387, 0.8701923076923077, 0.832258064516129, 0.9923076923076923, 0.6666666666666666, 0.9052631578947369, 0.7321224256192009, 0.932199211045365
0.8880000000133944, 157, 77, 3, 387, 0.8717948717948718, 0.834051724137931, 0.9923076923076923, 0.6709401709401709, 0.9063231850117096, 0.7353551022715363, 0.932199211045365
0.8900000000133944, 157, 77, 3, 387, 0.8717948717948718, 0.834051724137931, 0.9923076923076923, 0.6709401709401709, 0.9063231850117096, 0.7353551022715363, 0.932199211045365
0.8920000000133944, 157, 77, 3, 387, 0.8717948717948718, 0.834051724137931, 0.9923076923076923, 0.6709401709401709, 0.9063231850117096, 0.7353551022715363, 0.932199211045365
0.8940000000133944, 157, 77, 3, 387, 0.8717948717948718, 0.834051724137931, 0.9923076923076923, 0.6709401709401709, 0.9063231850117096, 0.7353551022715363, 0.932199211045365
0.8960000000133944, 157, 77, 3, 387, 0.8717948717948718, 0.834051724137931, 0.9923076923076923, 0.6709401709401709, 0.9063231850117096, 0.7353551022715363, 0.932199211045365
0.8980000000133944, 157, 77, 3, 387, 0.8717948717948718, 0.834051724137931, 0.9923076923076923, 0.6709401709401709, 0.9063231850117096, 0.7353551022715363, 0.932199211045365
0.9000000000133944, 158, 76, 3, 387, 0.8733974358974359, 0.8358531317494601, 0.9923076923076923, 0.6752136752136753, 0.9073856975381008, 0.7385875298169388, 0.932199211045365
0.9020000000133944, 158, 76, 3, 387, 0.8733974358974359, 0.8358531317494601, 0.9923076923076923, 0.6752136752136753, 0.9073856975381008, 0.7385875298169388, 0.932199211045365
0.9040000000133944, 158, 76, 3, 387, 0.8733974358974359, 0.8358531317494601, 0.9923076923076923, 0.6752136752136753, 0.9073856975381008, 0.7385875298169388, 0.932199211045365
0.9060000000133944, 158, 76, 3, 387, 0.8733974358974359, 0.8358531317494601, 0.9923076923076923, 0.6752136752136753, 0.9073856975381008, 0.7385875298169388, 0.932199211045365
0.9080000000133944, 158, 76, 3, 387, 0.8733974358974359, 0.8358531317494601, 0.9923076923076923, 0.6752136752136753, 0.9073856975381008, 0.7385875298169388, 0.932199211045365
0.9100000000133944, 158, 76, 3, 387, 0.8733974358974359, 0.8358531317494601, 0.9923076923076923, 0.6752136752136753, 0.9073856975381008, 0.7385875298169388, 0.932199211045365
0.9120000000133944, 158, 76, 3, 387, 0.8733974358974359, 0.8358531317494601, 0.9923076923076923, 0.6752136752136753, 0.9073856975381008, 0.7385875298169388, 0.932199211045365
0.9140000000133944, 158, 76, 3, 387, 0.8733974358974359, 0.8358531317494601, 0.9923076923076923, 0.6752136752136753, 0.9073856975381008, 0.7385875298169388, 0.932199211045365
0.9160000000133944, 158, 76, 3, 387, 0.8733974358974359, 0.8358531317494601, 0.9923076923076923, 0.6752136752136753, 0.9073856975381008, 0.7385875298169388, 0.932199211045365
0.9180000000133944, 158, 76, 3, 387, 0.8733974358974359, 0.8358531317494601, 0.9923076923076923, 0.6752136752136753, 0.9073856975381008, 0.7385875298169388, 0.932199211045365
0.9200000000133944, 158, 76, 3, 387, 0.8733974358974359, 0.8358531317494601, 0.9923076923076923, 0.6752136752136753, 0.9073856975381008, 0.7385875298169388, 0.932199211045365
0.9220000000133944, 158, 76, 3, 387, 0.8733974358974359, 0.8358531317494601, 0.9923076923076923, 0.6752136752136753, 0.9073856975381008, 0.7385875298169388, 0.932199211045365
0.9240000000133944, 158, 76, 3, 387, 0.8733974358974359, 0.8358531317494601, 0.9923076923076923, 0.6752136752136753, 0.9073856975381008, 0.7385875298169388, 0.932199211045365
0.9260000000133944, 158, 76, 3, 387, 0.8733974358974359, 0.8358531317494601, 0.9923076923076923, 0.6752136752136753, 0.9073856975381008, 0.7385875298169388, 0.932199211045365
0.9280000000133944, 159, 75, 3, 387, 0.875, 0.8376623376623377, 0.9923076923076923, 0.6794871794871795, 0.9084507042253521, 0.7418198008703217, 0.932199211045365
0.9300000000133944, 159, 75, 3, 387, 0.875, 0.8376623376623377, 0.9923076923076923, 0.6794871794871795, 0.9084507042253521, 0.7418198008703217, 0.932199211045365
0.9320000000133944, 159, 75, 3, 387, 0.875, 0.8376623376623377, 0.9923076923076923, 0.6794871794871795, 0.9084507042253521, 0.7418198008703217, 0.932199211045365
0.9340000000133944, 159, 75, 3, 387, 0.875, 0.8376623376623377, 0.9923076923076923, 0.6794871794871795, 0.9084507042253521, 0.7418198008703217, 0.932199211045365
0.9360000000133945, 159, 75, 3, 387, 0.875, 0.8376623376623377, 0.9923076923076923, 0.6794871794871795, 0.9084507042253521, 0.7418198008703217, 0.932199211045365
0.9380000000133945, 160, 74, 3, 387, 0.8766025641025641, 0.8394793926247288, 0.9923076923076923, 0.6837606837606838, 0.9095182138660399, 0.7450520072236635, 0.932199211045365
0.9400000000133945, 161, 73, 3, 387, 0.8782051282051282, 0.841304347826087, 0.9923076923076923, 0.688034188034188, 0.9105882352941177, 0.7482842398720304, 0.932199211045365
0.9420000000133945, 163, 71, 3, 387, 0.8814102564102564, 0.8449781659388647, 0.9923076923076923, 0.6965811965811965, 0.9127358490566038, 0.7547491442010441, 0.932199211045365
0.9440000000133945, 163, 71, 3, 387, 0.8814102564102564, 0.8449781659388647, 0.9923076923076923, 0.6965811965811965, 0.9127358490566038, 0.7547491442010441, 0.932199211045365
0.9460000000133945, 164, 70, 3, 387, 0.8830128205128205, 0.8468271334792122, 0.9923076923076923, 0.7008547008547008, 0.9138134592680047, 0.7579819941122973, 0.932199211045365
0.9480000000133945, 164, 70, 3, 387, 0.8830128205128205, 0.8468271334792122, 0.9923076923076923, 0.7008547008547008, 0.9138134592680047, 0.7579819941122973, 0.932199211045365
0.9500000000133945, 164, 70, 3, 387, 0.8830128205128205, 0.8468271334792122, 0.9923076923076923, 0.7008547008547008, 0.9138134592680047, 0.7579819941122973, 0.932199211045365
0.9520000000133945, 164, 70, 3, 387, 0.8830128205128205, 0.8468271334792122, 0.9923076923076923, 0.7008547008547008, 0.9138134592680047, 0.7579819941122973, 0.932199211045365
0.9540000000133945, 164, 70, 3, 387, 0.8830128205128205, 0.8468271334792122, 0.9923076923076923, 0.7008547008547008, 0.9138134592680047, 0.7579819941122973, 0.932199211045365
0.9560000000133945, 164, 70, 3, 387, 0.8830128205128205, 0.8468271334792122, 0.9923076923076923, 0.7008547008547008, 0.9138134592680047, 0.7579819941122973, 0.932199211045365
0.9580000000133945, 164, 70, 4, 386, 0.8814102564102564, 0.8464912280701754, 0.9897435897435898, 0.7008547008547008, 0.9125295508274232, 0.7537523324467358, 0.932199211045365
0.9600000000133945, 165, 69, 4, 386, 0.8830128205128205, 0.8483516483516483, 0.9897435897435898, 0.7051282051282052, 0.9136094674556213, 0.7569999754765175, 0.932199211045365
0.9620000000133945, 165, 69, 4, 386, 0.8830128205128205, 0.8483516483516483, 0.9897435897435898, 0.7051282051282052, 0.9136094674556213, 0.7569999754765175, 0.932199211045365
0.9640000000133945, 165, 69, 4, 386, 0.8830128205128205, 0.8483516483516483, 0.9897435897435898, 0.7051282051282052, 0.9136094674556213, 0.7569999754765175, 0.932199211045365
0.9660000000133945, 165, 69, 4, 386, 0.8830128205128205, 0.8483516483516483, 0.9897435897435898, 0.7051282051282052, 0.9136094674556213, 0.7569999754765175, 0.932199211045365
0.9680000000133945, 166, 68, 4, 386, 0.8846153846153846, 0.8502202643171806, 0.9897435897435898, 0.7094017094017094, 0.9146919431279621, 0.7602480012525401, 0.932199211045365
0.9700000000133945, 166, 68, 4, 386, 0.8846153846153846, 0.8502202643171806, 0.9897435897435898, 0.7094017094017094, 0.9146919431279621, 0.7602480012525401, 0.932199211045365
0.9720000000133945, 166, 68, 5, 385, 0.8830128205128205, 0.8498896247240618, 0.9871794871794872, 0.7094017094017094, 0.9134045077105575, 0.7560749040321116, 0.932199211045365
0.9740000000133945, 166, 68, 5, 385, 0.8830128205128205, 0.8498896247240618, 0.9871794871794872, 0.7094017094017094, 0.9134045077105575, 0.7560749040321116, 0.932199211045365
0.9760000000133945, 166, 68, 5, 385, 0.8830128205128205, 0.8498896247240618, 0.9871794871794872, 0.7094017094017094, 0.9134045077105575, 0.7560749040321116, 0.932199211045365
0.9780000000133945, 166, 68, 5, 385, 0.8830128205128205, 0.8498896247240618, 0.9871794871794872, 0.7094017094017094, 0.9134045077105575, 0.7560749040321116, 0.932199211045365
0.9800000000133945, 166, 68, 5, 385, 0.8830128205128205, 0.8498896247240618, 0.9871794871794872, 0.7094017094017094, 0.9134045077105575, 0.7560749040321116, 0.932199211045365
0.9820000000133945, 166, 68, 5, 385, 0.8830128205128205, 0.8498896247240618, 0.9871794871794872, 0.7094017094017094, 0.9134045077105575, 0.7560749040321116, 0.932199211045365
0.9840000000133945, 166, 68, 5, 385, 0.8830128205128205, 0.8498896247240618, 0.9871794871794872, 0.7094017094017094, 0.9134045077105575, 0.7560749040321116, 0.932199211045365
0.9860000000133945, 168, 66, 5, 385, 0.8862179487179487, 0.8536585365853658, 0.9871794871794872, 0.717948717948718, 0.915576694411415, 0.7626003434309025, 0.932199211045365
0.9880000000133945, 169, 65, 5, 385, 0.8878205128205128, 0.8555555555555555, 0.9871794871794872, 0.7222222222222222, 0.9166666666666666, 0.7658638697622686, 0.932199211045365
0.9900000000133945, 172, 62, 6, 384, 0.8910256410256411, 0.8609865470852018, 0.9846153846153847, 0.7350427350427351, 0.9186602870813397, 0.7715943368515563, 0.932199211045365
0.9920000000133945, 173, 61, 6, 384, 0.8926282051282052, 0.8629213483146068, 0.9846153846153847, 0.7393162393162394, 0.9197604790419162, 0.774874304981996, 0.932199211045365
0.9940000000133945, 174, 60, 8, 382, 0.8910256410256411, 0.8642533936651584, 0.9794871794871794, 0.7435897435897436, 0.9182692307692307, 0.7701545842464492, 0.932199211045365
0.9960000000133945, 177, 57, 8, 382, 0.8958333333333334, 0.8701594533029613, 0.9794871794871794, 0.7564102564102564, 0.9215922798552473, 0.7800804565459719, 0.932199211045365
0.9980000000133945, 179, 55, 11, 379, 0.8942307692307693, 0.8732718894009217, 0.9717948717948718, 0.7649572649572649, 0.9199029126213593, 0.7750682933823192, 0.932199211045365
1.0000000000133944, 234, 0, 390, 0, 0.375, nan, 0.0, 1.0, 0.0, nan, 0.932199211045365
