num_Interation, epoch, Time_train, Train_Peak_RAM, Time_predict, Peak_Time_prediction, thres, tn, fp, fn, tp, acc, pre, Recall, spec, F1score, mcc, auc
16,200,15.0256558,31.159838,1.8670504,31.159838,0.449915468,39,9,2,31,0.864197531,0.775,0.939393939,0.8125,0.849315068,0.738945228,0.931186869
16,200,15.0256558,31.159838,1.8670504,31.159838,0.45225736,39,9,2,31,0.864197531,0.775,0.939393939,0.8125,0.849315068,0.738945228,0.931186869
16,200,15.0256558,31.159838,1.8670504,31.159838,0.454599252,39,9,2,31,0.864197531,0.775,0.939393939,0.8125,0.849315068,0.738945228,0.931186869
16,200,15.0256558,31.159838,1.8670504,31.159838,0.522514127,41,7,4,29,0.864197531,0.805555556,0.878787879,0.854166667,0.84057971,0.724764852,0.931186869
16,200,15.0256558,31.159838,1.8670504,31.159838,0.524856019,41,7,4,29,0.864197531,0.805555556,0.878787879,0.854166667,0.84057971,0.724764852,0.931186869
16,200,15.0256558,31.159838,1.8670504,31.159838,0.527197911,41,7,4,29,0.864197531,0.805555556,0.878787879,0.854166667,0.84057971,0.724764852,0.931186869
16,200,15.0256558,31.159838,1.8670504,31.159838,0.529539803,41,7,4,29,0.864197531,0.805555556,0.878787879,0.854166667,0.84057971,0.724764852,0.931186869
16,200,15.0256558,31.159838,1.8670504,31.159838,0.531881696,41,7,4,29,0.864197531,0.805555556,0.878787879,0.854166667,0.84057971,0.724764852,0.931186869
16,200,15.0256558,31.159838,1.8670504,31.159838,0.534223588,41,7,4,29,0.864197531,0.805555556,0.878787879,0.854166667,0.84057971,0.724764852,0.931186869
16,200,15.0256558,31.159838,1.8670504,31.159838,0.53656548,41,7,4,29,0.864197531,0.805555556,0.878787879,0.854166667,0.84057971,0.724764852,0.931186869
16,200,15.0256558,31.159838,1.8670504,31.159838,0.538907372,41,7,4,29,0.864197531,0.805555556,0.878787879,0.854166667,0.84057971,0.724764852,0.931186869
16,200,15.0256558,31.159838,1.8670504,31.159838,0.541249265,41,7,4,29,0.864197531,0.805555556,0.878787879,0.854166667,0.84057971,0.724764852,0.931186869
16,200,15.0256558,31.159838,1.8670504,31.159838,0.543591157,41,7,4,29,0.864197531,0.805555556,0.878787879,0.854166667,0.84057971,0.724764852,0.931186869
16,200,15.0256558,31.159838,1.8670504,31.159838,0.545933049,41,7,4,29,0.864197531,0.805555556,0.878787879,0.854166667,0.84057971,0.724764852,0.931186869
16,200,15.0256558,31.159838,1.8670504,31.159838,0.548274941,41,7,4,29,0.864197531,0.805555556,0.878787879,0.854166667,0.84057971,0.724764852,0.931186869
16,200,15.0256558,31.159838,1.8670504,31.159838,0.550616833,41,7,4,29,0.864197531,0.805555556,0.878787879,0.854166667,0.84057971,0.724764852,0.931186869
16,200,15.0256558,31.159838,1.8670504,31.159838,0.564668187,42,6,5,28,0.864197531,0.823529412,0.848484848,0.875,0.835820896,0.720308669,0.931186869
16,200,15.0256558,31.159838,1.8670504,31.159838,0.567010079,42,6,5,28,0.864197531,0.823529412,0.848484848,0.875,0.835820896,0.720308669,0.931186869
16,200,15.0256558,31.159838,1.8670504,31.159838,0.569351971,42,6,5,28,0.864197531,0.823529412,0.848484848,0.875,0.835820896,0.720308669,0.931186869
16,200,15.0256558,31.159838,1.8670504,31.159838,0.571693863,42,6,5,28,0.864197531,0.823529412,0.848484848,0.875,0.835820896,0.720308669,0.931186869
16,200,15.0256558,31.159838,1.8670504,31.159838,0.574035756,42,6,5,28,0.864197531,0.823529412,0.848484848,0.875,0.835820896,0.720308669,0.931186869
16,200,15.0256558,31.159838,1.8670504,31.159838,0.447573576,38,10,2,31,0.851851852,0.756097561,0.939393939,0.791666667,0.837837838,0.718470675,0.931186869
16,200,15.0256558,31.159838,1.8670504,31.159838,0.456941145,39,9,3,30,0.851851852,0.769230769,0.909090909,0.8125,0.833333333,0.709596873,0.931186869
16,200,15.0256558,31.159838,1.8670504,31.159838,0.459283037,39,9,3,30,0.851851852,0.769230769,0.909090909,0.8125,0.833333333,0.709596873,0.931186869
16,200,15.0256558,31.159838,1.8670504,31.159838,0.478018175,40,8,4,29,0.851851852,0.783783784,0.878787879,0.833333333,0.828571429,0.702432037,0.931186869
16,200,15.0256558,31.159838,1.8670504,31.159838,0.480360067,40,8,4,29,0.851851852,0.783783784,0.878787879,0.833333333,0.828571429,0.702432037,0.931186869
16,200,15.0256558,31.159838,1.8670504,31.159838,0.482701959,40,8,4,29,0.851851852,0.783783784,0.878787879,0.833333333,0.828571429,0.702432037,0.931186869
16,200,15.0256558,31.159838,1.8670504,31.159838,0.485043851,40,8,4,29,0.851851852,0.783783784,0.878787879,0.833333333,0.828571429,0.702432037,0.931186869
16,200,15.0256558,31.159838,1.8670504,31.159838,0.487385743,40,8,4,29,0.851851852,0.783783784,0.878787879,0.833333333,0.828571429,0.702432037,0.931186869
16,200,15.0256558,31.159838,1.8670504,31.159838,0.489727636,40,8,4,29,0.851851852,0.783783784,0.878787879,0.833333333,0.828571429,0.702432037,0.931186869
16,200,15.0256558,31.159838,1.8670504,31.159838,0.492069528,40,8,4,29,0.851851852,0.783783784,0.878787879,0.833333333,0.828571429,0.702432037,0.931186869
16,200,15.0256558,31.159838,1.8670504,31.159838,0.49441142,40,8,4,29,0.851851852,0.783783784,0.878787879,0.833333333,0.828571429,0.702432037,0.931186869
16,200,15.0256558,31.159838,1.8670504,31.159838,0.496753312,40,8,4,29,0.851851852,0.783783784,0.878787879,0.833333333,0.828571429,0.702432037,0.931186869
16,200,15.0256558,31.159838,1.8670504,31.159838,0.499095205,40,8,4,29,0.851851852,0.783783784,0.878787879,0.833333333,0.828571429,0.702432037,0.931186869
16,200,15.0256558,31.159838,1.8670504,31.159838,0.501437097,40,8,4,29,0.851851852,0.783783784,0.878787879,0.833333333,0.828571429,0.702432037,0.931186869
16,200,15.0256558,31.159838,1.8670504,31.159838,0.503778989,40,8,4,29,0.851851852,0.783783784,0.878787879,0.833333333,0.828571429,0.702432037,0.931186869
16,200,15.0256558,31.159838,1.8670504,31.159838,0.506120881,40,8,4,29,0.851851852,0.783783784,0.878787879,0.833333333,0.828571429,0.702432037,0.931186869
16,200,15.0256558,31.159838,1.8670504,31.159838,0.508462773,40,8,4,29,0.851851852,0.783783784,0.878787879,0.833333333,0.828571429,0.702432037,0.931186869
16,200,15.0256558,31.159838,1.8670504,31.159838,0.510804666,40,8,4,29,0.851851852,0.783783784,0.878787879,0.833333333,0.828571429,0.702432037,0.931186869
16,200,15.0256558,31.159838,1.8670504,31.159838,0.513146558,40,8,4,29,0.851851852,0.783783784,0.878787879,0.833333333,0.828571429,0.702432037,0.931186869
16,200,15.0256558,31.159838,1.8670504,31.159838,0.51548845,40,8,4,29,0.851851852,0.783783784,0.878787879,0.833333333,0.828571429,0.702432037,0.931186869
16,200,15.0256558,31.159838,1.8670504,31.159838,0.517830342,40,8,4,29,0.851851852,0.783783784,0.878787879,0.833333333,0.828571429,0.702432037,0.931186869
16,200,15.0256558,31.159838,1.8670504,31.159838,0.520172235,40,8,4,29,0.851851852,0.783783784,0.878787879,0.833333333,0.828571429,0.702432037,0.931186869
16,200,15.0256558,31.159838,1.8670504,31.159838,0.552958726,41,7,5,28,0.851851852,0.8,0.848484848,0.854166667,0.823529412,0.696954839,0.931186869
16,200,15.0256558,31.159838,1.8670504,31.159838,0.555300618,41,7,5,28,0.851851852,0.8,0.848484848,0.854166667,0.823529412,0.696954839,0.931186869
16,200,15.0256558,31.159838,1.8670504,31.159838,0.55764251,41,7,5,28,0.851851852,0.8,0.848484848,0.854166667,0.823529412,0.696954839,0.931186869
16,200,15.0256558,31.159838,1.8670504,31.159838,0.559984402,41,7,5,28,0.851851852,0.8,0.848484848,0.854166667,0.823529412,0.696954839,0.931186869
16,200,15.0256558,31.159838,1.8670504,31.159838,0.562326295,41,7,5,28,0.851851852,0.8,0.848484848,0.854166667,0.823529412,0.696954839,0.931186869
16,200,15.0256558,31.159838,1.8670504,31.159838,0.576377648,42,6,6,27,0.851851852,0.818181818,0.818181818,0.875,0.818181818,0.693181818,0.931186869
16,200,15.0256558,31.159838,1.8670504,31.159838,0.57871954,42,6,6,27,0.851851852,0.818181818,0.818181818,0.875,0.818181818,0.693181818,0.931186869
16,200,15.0256558,31.159838,1.8670504,31.159838,0.581061432,42,6,6,27,0.851851852,0.818181818,0.818181818,0.875,0.818181818,0.693181818,0.931186869
16,200,15.0256558,31.159838,1.8670504,31.159838,0.583403325,42,6,6,27,0.851851852,0.818181818,0.818181818,0.875,0.818181818,0.693181818,0.931186869
16,200,15.0256558,31.159838,1.8670504,31.159838,0.585745217,42,6,6,27,0.851851852,0.818181818,0.818181818,0.875,0.818181818,0.693181818,0.931186869
16,200,15.0256558,31.159838,1.8670504,31.159838,0.588087109,42,6,6,27,0.851851852,0.818181818,0.818181818,0.875,0.818181818,0.693181818,0.931186869
16,200,15.0256558,31.159838,1.8670504,31.159838,0.590429001,42,6,6,27,0.851851852,0.818181818,0.818181818,0.875,0.818181818,0.693181818,0.931186869
16,200,15.0256558,31.159838,1.8670504,31.159838,0.592770893,42,6,6,27,0.851851852,0.818181818,0.818181818,0.875,0.818181818,0.693181818,0.931186869
16,200,15.0256558,31.159838,1.8670504,31.159838,0.595112786,42,6,6,27,0.851851852,0.818181818,0.818181818,0.875,0.818181818,0.693181818,0.931186869
16,200,15.0256558,31.159838,1.8670504,31.159838,0.597454678,42,6,6,27,0.851851852,0.818181818,0.818181818,0.875,0.818181818,0.693181818,0.931186869
16,200,15.0256558,31.159838,1.8670504,31.159838,0.59979657,42,6,6,27,0.851851852,0.818181818,0.818181818,0.875,0.818181818,0.693181818,0.931186869
16,200,15.0256558,31.159838,1.8670504,31.159838,0.602138462,42,6,6,27,0.851851852,0.818181818,0.818181818,0.875,0.818181818,0.693181818,0.931186869
16,200,15.0256558,31.159838,1.8670504,31.159838,0.618531708,43,5,7,26,0.851851852,0.838709677,0.787878788,0.895833333,0.8125,0.691170222,0.931186869
16,200,15.0256558,31.159838,1.8670504,31.159838,0.6208736,43,5,7,26,0.851851852,0.838709677,0.787878788,0.895833333,0.8125,0.691170222,0.931186869
16,200,15.0256558,31.159838,1.8670504,31.159838,0.623215492,43,5,7,26,0.851851852,0.838709677,0.787878788,0.895833333,0.8125,0.691170222,0.931186869
16,200,15.0256558,31.159838,1.8670504,31.159838,0.625557385,43,5,7,26,0.851851852,0.838709677,0.787878788,0.895833333,0.8125,0.691170222,0.931186869
16,200,15.0256558,31.159838,1.8670504,31.159838,0.627899277,43,5,7,26,0.851851852,0.838709677,0.787878788,0.895833333,0.8125,0.691170222,0.931186869
16,200,15.0256558,31.159838,1.8670504,31.159838,0.630241169,43,5,7,26,0.851851852,0.838709677,0.787878788,0.895833333,0.8125,0.691170222,0.931186869
16,200,15.0256558,31.159838,1.8670504,31.159838,0.632583061,43,5,7,26,0.851851852,0.838709677,0.787878788,0.895833333,0.8125,0.691170222,0.931186869
16,200,15.0256558,31.159838,1.8670504,31.159838,0.634924953,43,5,7,26,0.851851852,0.838709677,0.787878788,0.895833333,0.8125,0.691170222,0.931186869
16,200,15.0256558,31.159838,1.8670504,31.159838,0.637266846,43,5,7,26,0.851851852,0.838709677,0.787878788,0.895833333,0.8125,0.691170222,0.931186869
16,200,15.0256558,31.159838,1.8670504,31.159838,0.639608738,43,5,7,26,0.851851852,0.838709677,0.787878788,0.895833333,0.8125,0.691170222,0.931186869
16,200,15.0256558,31.159838,1.8670504,31.159838,0.64195063,43,5,7,26,0.851851852,0.838709677,0.787878788,0.895833333,0.8125,0.691170222,0.931186869
16,200,15.0256558,31.159838,1.8670504,31.159838,0.644292522,43,5,7,26,0.851851852,0.838709677,0.787878788,0.895833333,0.8125,0.691170222,0.931186869
16,200,15.0256558,31.159838,1.8670504,31.159838,0.646634415,43,5,7,26,0.851851852,0.838709677,0.787878788,0.895833333,0.8125,0.691170222,0.931186869
16,200,15.0256558,31.159838,1.8670504,31.159838,0.648976307,43,5,7,26,0.851851852,0.838709677,0.787878788,0.895833333,0.8125,0.691170222,0.931186869
16,200,15.0256558,31.159838,1.8670504,31.159838,0.651318199,43,5,7,26,0.851851852,0.838709677,0.787878788,0.895833333,0.8125,0.691170222,0.931186869
16,200,15.0256558,31.159838,1.8670504,31.159838,0.653660091,43,5,7,26,0.851851852,0.838709677,0.787878788,0.895833333,0.8125,0.691170222,0.931186869
16,200,15.0256558,31.159838,1.8670504,31.159838,0.656001983,43,5,7,26,0.851851852,0.838709677,0.787878788,0.895833333,0.8125,0.691170222,0.931186869
16,200,15.0256558,31.159838,1.8670504,31.159838,0.658343876,43,5,7,26,0.851851852,0.838709677,0.787878788,0.895833333,0.8125,0.691170222,0.931186869
16,200,15.0256558,31.159838,1.8670504,31.159838,0.382000593,36,12,1,32,0.839506173,0.727272727,0.96969697,0.75,0.831168831,0.709904718,0.931186869
16,200,15.0256558,31.159838,1.8670504,31.159838,0.428838438,37,11,2,31,0.839506173,0.738095238,0.939393939,0.770833333,0.826666667,0.698422119,0.931186869
16,200,15.0256558,31.159838,1.8670504,31.159838,0.43118033,37,11,2,31,0.839506173,0.738095238,0.939393939,0.770833333,0.826666667,0.698422119,0.931186869
16,200,15.0256558,31.159838,1.8670504,31.159838,0.433522222,37,11,2,31,0.839506173,0.738095238,0.939393939,0.770833333,0.826666667,0.698422119,0.931186869
16,200,15.0256558,31.159838,1.8670504,31.159838,0.435864115,37,11,2,31,0.839506173,0.738095238,0.939393939,0.770833333,0.826666667,0.698422119,0.931186869
16,200,15.0256558,31.159838,1.8670504,31.159838,0.438206007,37,11,2,31,0.839506173,0.738095238,0.939393939,0.770833333,0.826666667,0.698422119,0.931186869
16,200,15.0256558,31.159838,1.8670504,31.159838,0.440547899,37,11,2,31,0.839506173,0.738095238,0.939393939,0.770833333,0.826666667,0.698422119,0.931186869
16,200,15.0256558,31.159838,1.8670504,31.159838,0.442889791,37,11,2,31,0.839506173,0.738095238,0.939393939,0.770833333,0.826666667,0.698422119,0.931186869
16,200,15.0256558,31.159838,1.8670504,31.159838,0.445231683,37,11,2,31,0.839506173,0.738095238,0.939393939,0.770833333,0.826666667,0.698422119,0.931186869
16,200,15.0256558,31.159838,1.8670504,31.159838,0.461624929,39,9,4,29,0.839506173,0.763157895,0.878787879,0.8125,0.816901408,0.680629086,0.931186869
16,200,15.0256558,31.159838,1.8670504,31.159838,0.463966821,39,9,4,29,0.839506173,0.763157895,0.878787879,0.8125,0.816901408,0.680629086,0.931186869
16,200,15.0256558,31.159838,1.8670504,31.159838,0.466308713,39,9,4,29,0.839506173,0.763157895,0.878787879,0.8125,0.816901408,0.680629086,0.931186869
16,200,15.0256558,31.159838,1.8670504,31.159838,0.468650606,39,9,4,29,0.839506173,0.763157895,0.878787879,0.8125,0.816901408,0.680629086,0.931186869
16,200,15.0256558,31.159838,1.8670504,31.159838,0.470992498,39,9,4,29,0.839506173,0.763157895,0.878787879,0.8125,0.816901408,0.680629086,0.931186869
16,200,15.0256558,31.159838,1.8670504,31.159838,0.47333439,39,9,4,29,0.839506173,0.763157895,0.878787879,0.8125,0.816901408,0.680629086,0.931186869
16,200,15.0256558,31.159838,1.8670504,31.159838,0.475676282,39,9,4,29,0.839506173,0.763157895,0.878787879,0.8125,0.816901408,0.680629086,0.931186869
16,200,15.0256558,31.159838,1.8670504,31.159838,0.604480355,42,6,7,26,0.839506173,0.8125,0.787878788,0.875,0.8,0.666252239,0.931186869
16,200,15.0256558,31.159838,1.8670504,31.159838,0.606822247,42,6,7,26,0.839506173,0.8125,0.787878788,0.875,0.8,0.666252239,0.931186869
16,200,15.0256558,31.159838,1.8670504,31.159838,0.609164139,42,6,7,26,0.839506173,0.8125,0.787878788,0.875,0.8,0.666252239,0.931186869
16,200,15.0256558,31.159838,1.8670504,31.159838,0.611506031,42,6,7,26,0.839506173,0.8125,0.787878788,0.875,0.8,0.666252239,0.931186869
16,200,15.0256558,31.159838,1.8670504,31.159838,0.613847923,42,6,7,26,0.839506173,0.8125,0.787878788,0.875,0.8,0.666252239,0.931186869
16,200,15.0256558,31.159838,1.8670504,31.159838,0.616189816,42,6,7,26,0.839506173,0.8125,0.787878788,0.875,0.8,0.666252239,0.931186869
16,200,15.0256558,31.159838,1.8670504,31.159838,0.660685768,43,5,8,25,0.839506173,0.833333333,0.757575758,0.895833333,0.793650794,0.664839854,0.931186869
16,200,15.0256558,31.159838,1.8670504,31.159838,0.66302766,43,5,8,25,0.839506173,0.833333333,0.757575758,0.895833333,0.793650794,0.664839854,0.931186869
16,200,15.0256558,31.159838,1.8670504,31.159838,0.665369552,43,5,8,25,0.839506173,0.833333333,0.757575758,0.895833333,0.793650794,0.664839854,0.931186869
16,200,15.0256558,31.159838,1.8670504,31.159838,0.667711444,43,5,8,25,0.839506173,0.833333333,0.757575758,0.895833333,0.793650794,0.664839854,0.931186869
16,200,15.0256558,31.159838,1.8670504,31.159838,0.670053337,43,5,8,25,0.839506173,0.833333333,0.757575758,0.895833333,0.793650794,0.664839854,0.931186869
16,200,15.0256558,31.159838,1.8670504,31.159838,0.672395229,43,5,8,25,0.839506173,0.833333333,0.757575758,0.895833333,0.793650794,0.664839854,0.931186869
16,200,15.0256558,31.159838,1.8670504,31.159838,0.674737121,43,5,8,25,0.839506173,0.833333333,0.757575758,0.895833333,0.793650794,0.664839854,0.931186869
16,200,15.0256558,31.159838,1.8670504,31.159838,0.677079013,43,5,8,25,0.839506173,0.833333333,0.757575758,0.895833333,0.793650794,0.664839854,0.931186869
16,200,15.0256558,31.159838,1.8670504,31.159838,0.384342486,36,12,2,31,0.827160494,0.720930233,0.939393939,0.75,0.815789474,0.678764349,0.931186869
16,200,15.0256558,31.159838,1.8670504,31.159838,0.386684378,36,12,2,31,0.827160494,0.720930233,0.939393939,0.75,0.815789474,0.678764349,0.931186869
16,200,15.0256558,31.159838,1.8670504,31.159838,0.38902627,36,12,2,31,0.827160494,0.720930233,0.939393939,0.75,0.815789474,0.678764349,0.931186869
16,200,15.0256558,31.159838,1.8670504,31.159838,0.391368162,36,12,2,31,0.827160494,0.720930233,0.939393939,0.75,0.815789474,0.678764349,0.931186869
16,200,15.0256558,31.159838,1.8670504,31.159838,0.393710055,36,12,2,31,0.827160494,0.720930233,0.939393939,0.75,0.815789474,0.678764349,0.931186869
16,200,15.0256558,31.159838,1.8670504,31.159838,0.396051947,36,12,2,31,0.827160494,0.720930233,0.939393939,0.75,0.815789474,0.678764349,0.931186869
16,200,15.0256558,31.159838,1.8670504,31.159838,0.398393839,36,12,2,31,0.827160494,0.720930233,0.939393939,0.75,0.815789474,0.678764349,0.931186869
16,200,15.0256558,31.159838,1.8670504,31.159838,0.400735731,36,12,2,31,0.827160494,0.720930233,0.939393939,0.75,0.815789474,0.678764349,0.931186869
16,200,15.0256558,31.159838,1.8670504,31.159838,0.403077623,36,12,2,31,0.827160494,0.720930233,0.939393939,0.75,0.815789474,0.678764349,0.931186869
16,200,15.0256558,31.159838,1.8670504,31.159838,0.405419516,36,12,2,31,0.827160494,0.720930233,0.939393939,0.75,0.815789474,0.678764349,0.931186869
16,200,15.0256558,31.159838,1.8670504,31.159838,0.407761408,36,12,2,31,0.827160494,0.720930233,0.939393939,0.75,0.815789474,0.678764349,0.931186869
16,200,15.0256558,31.159838,1.8670504,31.159838,0.4101033,36,12,2,31,0.827160494,0.720930233,0.939393939,0.75,0.815789474,0.678764349,0.931186869
16,200,15.0256558,31.159838,1.8670504,31.159838,0.412445192,36,12,2,31,0.827160494,0.720930233,0.939393939,0.75,0.815789474,0.678764349,0.931186869
16,200,15.0256558,31.159838,1.8670504,31.159838,0.414787085,36,12,2,31,0.827160494,0.720930233,0.939393939,0.75,0.815789474,0.678764349,0.931186869
16,200,15.0256558,31.159838,1.8670504,31.159838,0.417128977,36,12,2,31,0.827160494,0.720930233,0.939393939,0.75,0.815789474,0.678764349,0.931186869
16,200,15.0256558,31.159838,1.8670504,31.159838,0.419470869,36,12,2,31,0.827160494,0.720930233,0.939393939,0.75,0.815789474,0.678764349,0.931186869
16,200,15.0256558,31.159838,1.8670504,31.159838,0.421812761,36,12,2,31,0.827160494,0.720930233,0.939393939,0.75,0.815789474,0.678764349,0.931186869
16,200,15.0256558,31.159838,1.8670504,31.159838,0.424154653,36,12,2,31,0.827160494,0.720930233,0.939393939,0.75,0.815789474,0.678764349,0.931186869
16,200,15.0256558,31.159838,1.8670504,31.159838,0.426496546,36,12,2,31,0.827160494,0.720930233,0.939393939,0.75,0.815789474,0.678764349,0.931186869
16,200,15.0256558,31.159838,1.8670504,31.159838,0.695814151,44,4,10,23,0.827160494,0.851851852,0.696969697,0.916666667,0.766666667,0.639602149,0.931186869
16,200,15.0256558,31.159838,1.8670504,31.159838,0.777780379,47,1,13,20,0.827160494,0.952380952,0.606060606,0.979166667,0.740740741,0.656170759,0.931186869
16,200,15.0256558,31.159838,1.8670504,31.159838,0.377316809,34,14,1,32,0.814814815,0.695652174,0.96969697,0.708333333,0.810126582,0.672533241,0.931186869
16,200,15.0256558,31.159838,1.8670504,31.159838,0.379658701,34,14,1,32,0.814814815,0.695652174,0.96969697,0.708333333,0.810126582,0.672533241,0.931186869
16,200,15.0256558,31.159838,1.8670504,31.159838,0.679420906,43,5,10,23,0.814814815,0.821428571,0.696969697,0.895833333,0.754098361,0.612450584,0.931186869
16,200,15.0256558,31.159838,1.8670504,31.159838,0.681762798,43,5,10,23,0.814814815,0.821428571,0.696969697,0.895833333,0.754098361,0.612450584,0.931186869
16,200,15.0256558,31.159838,1.8670504,31.159838,0.68410469,43,5,10,23,0.814814815,0.821428571,0.696969697,0.895833333,0.754098361,0.612450584,0.931186869
16,200,15.0256558,31.159838,1.8670504,31.159838,0.686446582,43,5,10,23,0.814814815,0.821428571,0.696969697,0.895833333,0.754098361,0.612450584,0.931186869
16,200,15.0256558,31.159838,1.8670504,31.159838,0.688788474,43,5,10,23,0.814814815,0.821428571,0.696969697,0.895833333,0.754098361,0.612450584,0.931186869
16,200,15.0256558,31.159838,1.8670504,31.159838,0.691130367,43,5,10,23,0.814814815,0.821428571,0.696969697,0.895833333,0.754098361,0.612450584,0.931186869
16,200,15.0256558,31.159838,1.8670504,31.159838,0.693472259,43,5,10,23,0.814814815,0.821428571,0.696969697,0.895833333,0.754098361,0.612450584,0.931186869
16,200,15.0256558,31.159838,1.8670504,31.159838,0.698156043,44,4,11,22,0.814814815,0.846153846,0.666666667,0.916666667,0.745762712,0.613940614,0.931186869
16,200,15.0256558,31.159838,1.8670504,31.159838,0.700497936,44,4,11,22,0.814814815,0.846153846,0.666666667,0.916666667,0.745762712,0.613940614,0.931186869
16,200,15.0256558,31.159838,1.8670504,31.159838,0.702839828,44,4,11,22,0.814814815,0.846153846,0.666666667,0.916666667,0.745762712,0.613940614,0.931186869
16,200,15.0256558,31.159838,1.8670504,31.159838,0.70518172,44,4,11,22,0.814814815,0.846153846,0.666666667,0.916666667,0.745762712,0.613940614,0.931186869
16,200,15.0256558,31.159838,1.8670504,31.159838,0.707523612,44,4,11,22,0.814814815,0.846153846,0.666666667,0.916666667,0.745762712,0.613940614,0.931186869
16,200,15.0256558,31.159838,1.8670504,31.159838,0.709865504,44,4,11,22,0.814814815,0.846153846,0.666666667,0.916666667,0.745762712,0.613940614,0.931186869
16,200,15.0256558,31.159838,1.8670504,31.159838,0.712207397,44,4,11,22,0.814814815,0.846153846,0.666666667,0.916666667,0.745762712,0.613940614,0.931186869
16,200,15.0256558,31.159838,1.8670504,31.159838,0.714549289,44,4,11,22,0.814814815,0.846153846,0.666666667,0.916666667,0.745762712,0.613940614,0.931186869
16,200,15.0256558,31.159838,1.8670504,31.159838,0.742651996,45,3,12,21,0.814814815,0.875,0.636363636,0.9375,0.736842105,0.617508935,0.931186869
16,200,15.0256558,31.159838,1.8670504,31.159838,0.744993888,45,3,12,21,0.814814815,0.875,0.636363636,0.9375,0.736842105,0.617508935,0.931186869
16,200,15.0256558,31.159838,1.8670504,31.159838,0.74733578,45,3,12,21,0.814814815,0.875,0.636363636,0.9375,0.736842105,0.617508935,0.931186869
16,200,15.0256558,31.159838,1.8670504,31.159838,0.749677672,45,3,12,21,0.814814815,0.875,0.636363636,0.9375,0.736842105,0.617508935,0.931186869
16,200,15.0256558,31.159838,1.8670504,31.159838,0.752019564,45,3,12,21,0.814814815,0.875,0.636363636,0.9375,0.736842105,0.617508935,0.931186869
16,200,15.0256558,31.159838,1.8670504,31.159838,0.773096594,46,2,13,20,0.814814815,0.909090909,0.606060606,0.958333333,0.727272727,0.623480082,0.931186869
16,200,15.0256558,31.159838,1.8670504,31.159838,0.775438487,46,2,13,20,0.814814815,0.909090909,0.606060606,0.958333333,0.727272727,0.623480082,0.931186869
16,200,15.0256558,31.159838,1.8670504,31.159838,0.780122271,47,1,14,19,0.814814815,0.95,0.575757576,0.979166667,0.716981132,0.632311923,0.931186869
16,200,15.0256558,31.159838,1.8670504,31.159838,0.782464163,47,1,14,19,0.814814815,0.95,0.575757576,0.979166667,0.716981132,0.632311923,0.931186869
16,200,15.0256558,31.159838,1.8670504,31.159838,0.784806056,47,1,14,19,0.814814815,0.95,0.575757576,0.979166667,0.716981132,0.632311923,0.931186869
16,200,15.0256558,31.159838,1.8670504,31.159838,0.365607348,33,15,1,32,0.802469136,0.680851064,0.96969697,0.6875,0.8,0.654311801,0.931186869
16,200,15.0256558,31.159838,1.8670504,31.159838,0.36794924,33,15,1,32,0.802469136,0.680851064,0.96969697,0.6875,0.8,0.654311801,0.931186869
16,200,15.0256558,31.159838,1.8670504,31.159838,0.370291132,33,15,1,32,0.802469136,0.680851064,0.96969697,0.6875,0.8,0.654311801,0.931186869
16,200,15.0256558,31.159838,1.8670504,31.159838,0.372633025,33,15,1,32,0.802469136,0.680851064,0.96969697,0.6875,0.8,0.654311801,0.931186869
16,200,15.0256558,31.159838,1.8670504,31.159838,0.374974917,33,15,1,32,0.802469136,0.680851064,0.96969697,0.6875,0.8,0.654311801,0.931186869
16,200,15.0256558,31.159838,1.8670504,31.159838,0.716891181,44,4,12,21,0.802469136,0.84,0.636363636,0.916666667,0.724137931,0.588250764,0.931186869
16,200,15.0256558,31.159838,1.8670504,31.159838,0.719233073,44,4,12,21,0.802469136,0.84,0.636363636,0.916666667,0.724137931,0.588250764,0.931186869
16,200,15.0256558,31.159838,1.8670504,31.159838,0.721574966,44,4,12,21,0.802469136,0.84,0.636363636,0.916666667,0.724137931,0.588250764,0.931186869
16,200,15.0256558,31.159838,1.8670504,31.159838,0.723916858,44,4,12,21,0.802469136,0.84,0.636363636,0.916666667,0.724137931,0.588250764,0.931186869
16,200,15.0256558,31.159838,1.8670504,31.159838,0.72625875,44,4,12,21,0.802469136,0.84,0.636363636,0.916666667,0.724137931,0.588250764,0.931186869
16,200,15.0256558,31.159838,1.8670504,31.159838,0.728600642,44,4,12,21,0.802469136,0.84,0.636363636,0.916666667,0.724137931,0.588250764,0.931186869
16,200,15.0256558,31.159838,1.8670504,31.159838,0.730942534,44,4,12,21,0.802469136,0.84,0.636363636,0.916666667,0.724137931,0.588250764,0.931186869
16,200,15.0256558,31.159838,1.8670504,31.159838,0.733284427,44,4,12,21,0.802469136,0.84,0.636363636,0.916666667,0.724137931,0.588250764,0.931186869
16,200,15.0256558,31.159838,1.8670504,31.159838,0.735626319,44,4,12,21,0.802469136,0.84,0.636363636,0.916666667,0.724137931,0.588250764,0.931186869
16,200,15.0256558,31.159838,1.8670504,31.159838,0.737968211,44,4,12,21,0.802469136,0.84,0.636363636,0.916666667,0.724137931,0.588250764,0.931186869
16,200,15.0256558,31.159838,1.8670504,31.159838,0.740310103,44,4,12,21,0.802469136,0.84,0.636363636,0.916666667,0.724137931,0.588250764,0.931186869
16,200,15.0256558,31.159838,1.8670504,31.159838,0.754361457,45,3,13,20,0.802469136,0.869565217,0.606060606,0.9375,0.714285714,0.592308068,0.931186869
16,200,15.0256558,31.159838,1.8670504,31.159838,0.756703349,45,3,13,20,0.802469136,0.869565217,0.606060606,0.9375,0.714285714,0.592308068,0.931186869
16,200,15.0256558,31.159838,1.8670504,31.159838,0.759045241,45,3,13,20,0.802469136,0.869565217,0.606060606,0.9375,0.714285714,0.592308068,0.931186869
16,200,15.0256558,31.159838,1.8670504,31.159838,0.761387133,45,3,13,20,0.802469136,0.869565217,0.606060606,0.9375,0.714285714,0.592308068,0.931186869
16,200,15.0256558,31.159838,1.8670504,31.159838,0.763729026,45,3,13,20,0.802469136,0.869565217,0.606060606,0.9375,0.714285714,0.592308068,0.931186869
16,200,15.0256558,31.159838,1.8670504,31.159838,0.766070918,45,3,13,20,0.802469136,0.869565217,0.606060606,0.9375,0.714285714,0.592308068,0.931186869
16,200,15.0256558,31.159838,1.8670504,31.159838,0.76841281,45,3,13,20,0.802469136,0.869565217,0.606060606,0.9375,0.714285714,0.592308068,0.931186869
16,200,15.0256558,31.159838,1.8670504,31.159838,0.770754702,45,3,13,20,0.802469136,0.869565217,0.606060606,0.9375,0.714285714,0.592308068,0.931186869
16,200,15.0256558,31.159838,1.8670504,31.159838,0.787147948,47,1,15,18,0.802469136,0.947368421,0.545454545,0.979166667,0.692307692,0.608346186,0.931186869
16,200,15.0256558,31.159838,1.8670504,31.159838,0.328137072,32,16,1,32,0.790123457,0.666666667,0.96969697,0.666666667,0.790123457,0.636363636,0.931186869
16,200,15.0256558,31.159838,1.8670504,31.159838,0.330478965,32,16,1,32,0.790123457,0.666666667,0.96969697,0.666666667,0.790123457,0.636363636,0.931186869
16,200,15.0256558,31.159838,1.8670504,31.159838,0.332820857,32,16,1,32,0.790123457,0.666666667,0.96969697,0.666666667,0.790123457,0.636363636,0.931186869
16,200,15.0256558,31.159838,1.8670504,31.159838,0.335162749,32,16,1,32,0.790123457,0.666666667,0.96969697,0.666666667,0.790123457,0.636363636,0.931186869
16,200,15.0256558,31.159838,1.8670504,31.159838,0.337504641,32,16,1,32,0.790123457,0.666666667,0.96969697,0.666666667,0.790123457,0.636363636,0.931186869
16,200,15.0256558,31.159838,1.8670504,31.159838,0.339846533,32,16,1,32,0.790123457,0.666666667,0.96969697,0.666666667,0.790123457,0.636363636,0.931186869
16,200,15.0256558,31.159838,1.8670504,31.159838,0.342188426,32,16,1,32,0.790123457,0.666666667,0.96969697,0.666666667,0.790123457,0.636363636,0.931186869
16,200,15.0256558,31.159838,1.8670504,31.159838,0.344530318,32,16,1,32,0.790123457,0.666666667,0.96969697,0.666666667,0.790123457,0.636363636,0.931186869
16,200,15.0256558,31.159838,1.8670504,31.159838,0.34687221,32,16,1,32,0.790123457,0.666666667,0.96969697,0.666666667,0.790123457,0.636363636,0.931186869
16,200,15.0256558,31.159838,1.8670504,31.159838,0.349214102,32,16,1,32,0.790123457,0.666666667,0.96969697,0.666666667,0.790123457,0.636363636,0.931186869
16,200,15.0256558,31.159838,1.8670504,31.159838,0.351555995,32,16,1,32,0.790123457,0.666666667,0.96969697,0.666666667,0.790123457,0.636363636,0.931186869
16,200,15.0256558,31.159838,1.8670504,31.159838,0.353897887,32,16,1,32,0.790123457,0.666666667,0.96969697,0.666666667,0.790123457,0.636363636,0.931186869
16,200,15.0256558,31.159838,1.8670504,31.159838,0.356239779,32,16,1,32,0.790123457,0.666666667,0.96969697,0.666666667,0.790123457,0.636363636,0.931186869
16,200,15.0256558,31.159838,1.8670504,31.159838,0.358581671,32,16,1,32,0.790123457,0.666666667,0.96969697,0.666666667,0.790123457,0.636363636,0.931186869
16,200,15.0256558,31.159838,1.8670504,31.159838,0.360923563,32,16,1,32,0.790123457,0.666666667,0.96969697,0.666666667,0.790123457,0.636363636,0.931186869
16,200,15.0256558,31.159838,1.8670504,31.159838,0.363265456,32,16,1,32,0.790123457,0.666666667,0.96969697,0.666666667,0.790123457,0.636363636,0.931186869
16,200,15.0256558,31.159838,1.8670504,31.159838,0.78948984,47,1,16,17,0.790123457,0.944444444,0.515151515,0.979166667,0.666666667,0.584221649,0.931186869
16,200,15.0256558,31.159838,1.8670504,31.159838,0.791831732,47,1,16,17,0.790123457,0.944444444,0.515151515,0.979166667,0.666666667,0.584221649,0.931186869
16,200,15.0256558,31.159838,1.8670504,31.159838,0.794173624,47,1,16,17,0.790123457,0.944444444,0.515151515,0.979166667,0.666666667,0.584221649,0.931186869
16,200,15.0256558,31.159838,1.8670504,31.159838,0.8316439,48,0,17,16,0.790123457,1,0.484848485,1,0.653061224,0.598366074,0.931186869
16,200,15.0256558,31.159838,1.8670504,31.159838,0.833985792,48,0,17,16,0.790123457,1,0.484848485,1,0.653061224,0.598366074,0.931186869
16,200,15.0256558,31.159838,1.8670504,31.159838,0.836327684,48,0,17,16,0.790123457,1,0.484848485,1,0.653061224,0.598366074,0.931186869
16,200,15.0256558,31.159838,1.8670504,31.159838,0.323453288,31,17,1,32,0.777777778,0.653061224,0.96969697,0.645833333,0.780487805,0.618662793,0.931186869
16,200,15.0256558,31.159838,1.8670504,31.159838,0.32579518,31,17,1,32,0.777777778,0.653061224,0.96969697,0.645833333,0.780487805,0.618662793,0.931186869
16,200,15.0256558,31.159838,1.8670504,31.159838,0.796515517,47,1,17,16,0.777777778,0.941176471,0.484848485,0.979166667,0.64,0.55988045,0.931186869
16,200,15.0256558,31.159838,1.8670504,31.159838,0.798857409,47,1,17,16,0.777777778,0.941176471,0.484848485,0.979166667,0.64,0.55988045,0.931186869
16,200,15.0256558,31.159838,1.8670504,31.159838,0.801199301,47,1,17,16,0.777777778,0.941176471,0.484848485,0.979166667,0.64,0.55988045,0.931186869
16,200,15.0256558,31.159838,1.8670504,31.159838,0.803541193,47,1,17,16,0.777777778,0.941176471,0.484848485,0.979166667,0.64,0.55988045,0.931186869
16,200,15.0256558,31.159838,1.8670504,31.159838,0.805883086,47,1,17,16,0.777777778,0.941176471,0.484848485,0.979166667,0.64,0.55988045,0.931186869
16,200,15.0256558,31.159838,1.8670504,31.159838,0.808224978,47,1,17,16,0.777777778,0.941176471,0.484848485,0.979166667,0.64,0.55988045,0.931186869
16,200,15.0256558,31.159838,1.8670504,31.159838,0.81056687,47,1,17,16,0.777777778,0.941176471,0.484848485,0.979166667,0.64,0.55988045,0.931186869
16,200,15.0256558,31.159838,1.8670504,31.159838,0.812908762,47,1,17,16,0.777777778,0.941176471,0.484848485,0.979166667,0.64,0.55988045,0.931186869
16,200,15.0256558,31.159838,1.8670504,31.159838,0.815250654,47,1,17,16,0.777777778,0.941176471,0.484848485,0.979166667,0.64,0.55988045,0.931186869
16,200,15.0256558,31.159838,1.8670504,31.159838,0.817592547,47,1,17,16,0.777777778,0.941176471,0.484848485,0.979166667,0.64,0.55988045,0.931186869
16,200,15.0256558,31.159838,1.8670504,31.159838,0.819934439,47,1,17,16,0.777777778,0.941176471,0.484848485,0.979166667,0.64,0.55988045,0.931186869
16,200,15.0256558,31.159838,1.8670504,31.159838,0.822276331,47,1,17,16,0.777777778,0.941176471,0.484848485,0.979166667,0.64,0.55988045,0.931186869
16,200,15.0256558,31.159838,1.8670504,31.159838,0.824618223,47,1,17,16,0.777777778,0.941176471,0.484848485,0.979166667,0.64,0.55988045,0.931186869
16,200,15.0256558,31.159838,1.8670504,31.159838,0.826960116,47,1,17,16,0.777777778,0.941176471,0.484848485,0.979166667,0.64,0.55988045,0.931186869
16,200,15.0256558,31.159838,1.8670504,31.159838,0.829302008,47,1,17,16,0.777777778,0.941176471,0.484848485,0.979166667,0.64,0.55988045,0.931186869
16,200,15.0256558,31.159838,1.8670504,31.159838,0.838669577,48,0,18,15,0.777777778,1,0.454545455,1,0.625,0.574959575,0.931186869
16,200,15.0256558,31.159838,1.8670504,31.159838,0.841011469,48,0,18,15,0.777777778,1,0.454545455,1,0.625,0.574959575,0.931186869
16,200,15.0256558,31.159838,1.8670504,31.159838,0.843353361,48,0,18,15,0.777777778,1,0.454545455,1,0.625,0.574959575,0.931186869
16,200,15.0256558,31.159838,1.8670504,31.159838,0.845695253,48,0,18,15,0.777777778,1,0.454545455,1,0.625,0.574959575,0.931186869
16,200,15.0256558,31.159838,1.8670504,31.159838,0.848037146,48,0,18,15,0.777777778,1,0.454545455,1,0.625,0.574959575,0.931186869
16,200,15.0256558,31.159838,1.8670504,31.159838,0.850379038,48,0,18,15,0.777777778,1,0.454545455,1,0.625,0.574959575,0.931186869
16,200,15.0256558,31.159838,1.8670504,31.159838,0.85272093,48,0,18,15,0.777777778,1,0.454545455,1,0.625,0.574959575,0.931186869
16,200,15.0256558,31.159838,1.8670504,31.159838,0.855062822,48,0,18,15,0.777777778,1,0.454545455,1,0.625,0.574959575,0.931186869
16,200,15.0256558,31.159838,1.8670504,31.159838,0.857404714,48,0,18,15,0.777777778,1,0.454545455,1,0.625,0.574959575,0.931186869
16,200,15.0256558,31.159838,1.8670504,31.159838,0.859746607,48,0,18,15,0.777777778,1,0.454545455,1,0.625,0.574959575,0.931186869
16,200,15.0256558,31.159838,1.8670504,31.159838,0.862088499,48,0,18,15,0.777777778,1,0.454545455,1,0.625,0.574959575,0.931186869
16,200,15.0256558,31.159838,1.8670504,31.159838,0.864430391,48,0,18,15,0.777777778,1,0.454545455,1,0.625,0.574959575,0.931186869
16,200,15.0256558,31.159838,1.8670504,31.159838,0.866772283,48,0,18,15,0.777777778,1,0.454545455,1,0.625,0.574959575,0.931186869
16,200,15.0256558,31.159838,1.8670504,31.159838,0.869114176,48,0,18,15,0.777777778,1,0.454545455,1,0.625,0.574959575,0.931186869
16,200,15.0256558,31.159838,1.8670504,31.159838,0.871456068,48,0,18,15,0.777777778,1,0.454545455,1,0.625,0.574959575,0.931186869
16,200,15.0256558,31.159838,1.8670504,31.159838,0.87379796,48,0,18,15,0.777777778,1,0.454545455,1,0.625,0.574959575,0.931186869
16,200,15.0256558,31.159838,1.8670504,31.159838,0.876139852,48,0,18,15,0.777777778,1,0.454545455,1,0.625,0.574959575,0.931186869
16,200,15.0256558,31.159838,1.8670504,31.159838,0.878481744,48,0,18,15,0.777777778,1,0.454545455,1,0.625,0.574959575,0.931186869
16,200,15.0256558,31.159838,1.8670504,31.159838,0.880823637,48,0,18,15,0.777777778,1,0.454545455,1,0.625,0.574959575,0.931186869
16,200,15.0256558,31.159838,1.8670504,31.159838,0.883165529,48,0,18,15,0.777777778,1,0.454545455,1,0.625,0.574959575,0.931186869
16,200,15.0256558,31.159838,1.8670504,31.159838,0.885507421,48,0,18,15,0.777777778,1,0.454545455,1,0.625,0.574959575,0.931186869
16,200,15.0256558,31.159838,1.8670504,31.159838,0.321111396,30,18,1,32,0.765432099,0.64,0.96969697,0.625,0.771084337,0.601184071,0.931186869
16,200,15.0256558,31.159838,1.8670504,31.159838,0.318769503,29,19,1,32,0.75308642,0.62745098,0.96969697,0.604166667,0.761904762,0.583902829,0.931186869
16,200,15.0256558,31.159838,1.8670504,31.159838,0.887849313,48,0,20,13,0.75308642,1,0.393939394,1,0.565217391,0.527328044,0.931186869
16,200,15.0256558,31.159838,1.8670504,31.159838,0.890191206,48,0,20,13,0.75308642,1,0.393939394,1,0.565217391,0.527328044,0.931186869
16,200,15.0256558,31.159838,1.8670504,31.159838,0.314085719,28,20,1,32,0.740740741,0.615384615,0.96969697,0.583333333,0.752941176,0.566794786,0.931186869
16,200,15.0256558,31.159838,1.8670504,31.159838,0.316427611,28,20,1,32,0.740740741,0.615384615,0.96969697,0.583333333,0.752941176,0.566794786,0.931186869
16,200,15.0256558,31.159838,1.8670504,31.159838,0.892533098,48,0,21,12,0.740740741,1,0.363636364,1,0.533333333,0.502955691,0.931186869
16,200,15.0256558,31.159838,1.8670504,31.159838,0.89487499,48,0,21,12,0.740740741,1,0.363636364,1,0.533333333,0.502955691,0.931186869
16,200,15.0256558,31.159838,1.8670504,31.159838,0.897216882,48,0,21,12,0.740740741,1,0.363636364,1,0.533333333,0.502955691,0.931186869
16,200,15.0256558,31.159838,1.8670504,31.159838,0.899558774,48,0,21,12,0.740740741,1,0.363636364,1,0.533333333,0.502955691,0.931186869
16,200,15.0256558,31.159838,1.8670504,31.159838,0.901900667,48,0,21,12,0.740740741,1,0.363636364,1,0.533333333,0.502955691,0.931186869
16,200,15.0256558,31.159838,1.8670504,31.159838,0.904242559,48,0,21,12,0.740740741,1,0.363636364,1,0.533333333,0.502955691,0.931186869
16,200,15.0256558,31.159838,1.8670504,31.159838,0.906584451,48,0,21,12,0.740740741,1,0.363636364,1,0.533333333,0.502955691,0.931186869
16,200,15.0256558,31.159838,1.8670504,31.159838,0.908926343,48,0,21,12,0.740740741,1,0.363636364,1,0.533333333,0.502955691,0.931186869
16,200,15.0256558,31.159838,1.8670504,31.159838,0.911268236,48,0,21,12,0.740740741,1,0.363636364,1,0.533333333,0.502955691,0.931186869
16,200,15.0256558,31.159838,1.8670504,31.159838,0.913610128,48,0,21,12,0.740740741,1,0.363636364,1,0.533333333,0.502955691,0.931186869
16,200,15.0256558,31.159838,1.8670504,31.159838,0.30471815,27,21,1,32,0.728395062,0.603773585,0.96969697,0.5625,0.744186047,0.549835828,0.931186869
16,200,15.0256558,31.159838,1.8670504,31.159838,0.307060042,27,21,1,32,0.728395062,0.603773585,0.96969697,0.5625,0.744186047,0.549835828,0.931186869
16,200,15.0256558,31.159838,1.8670504,31.159838,0.309401935,27,21,1,32,0.728395062,0.603773585,0.96969697,0.5625,0.744186047,0.549835828,0.931186869
16,200,15.0256558,31.159838,1.8670504,31.159838,0.311743827,27,21,1,32,0.728395062,0.603773585,0.96969697,0.5625,0.744186047,0.549835828,0.931186869
16,200,15.0256558,31.159838,1.8670504,31.159838,0.91595202,48,0,22,11,0.728395062,1,0.333333333,1,0.5,0.478091444,0.931186869
16,200,15.0256558,31.159838,1.8670504,31.159838,0.918293912,48,0,22,11,0.728395062,1,0.333333333,1,0.5,0.478091444,0.931186869
16,200,15.0256558,31.159838,1.8670504,31.159838,0.290666797,26,22,1,32,0.716049383,0.592592593,0.96969697,0.541666667,0.735632184,0.533001791,0.931186869
16,200,15.0256558,31.159838,1.8670504,31.159838,0.293008689,26,22,1,32,0.716049383,0.592592593,0.96969697,0.541666667,0.735632184,0.533001791,0.931186869
16,200,15.0256558,31.159838,1.8670504,31.159838,0.295350581,26,22,1,32,0.716049383,0.592592593,0.96969697,0.541666667,0.735632184,0.533001791,0.931186869
16,200,15.0256558,31.159838,1.8670504,31.159838,0.297692474,26,22,1,32,0.716049383,0.592592593,0.96969697,0.541666667,0.735632184,0.533001791,0.931186869
16,200,15.0256558,31.159838,1.8670504,31.159838,0.300034366,26,22,1,32,0.716049383,0.592592593,0.96969697,0.541666667,0.735632184,0.533001791,0.931186869
16,200,15.0256558,31.159838,1.8670504,31.159838,0.302376258,26,22,1,32,0.716049383,0.592592593,0.96969697,0.541666667,0.735632184,0.533001791,0.931186869
16,200,15.0256558,31.159838,1.8670504,31.159838,0.920635804,48,0,23,10,0.716049383,1,0.303030303,1,0.465116279,0.452620765,0.931186869
16,200,15.0256558,31.159838,1.8670504,31.159838,0.922977697,48,0,23,10,0.716049383,1,0.303030303,1,0.465116279,0.452620765,0.931186869
16,200,15.0256558,31.159838,1.8670504,31.159838,0.925319589,48,0,23,10,0.716049383,1,0.303030303,1,0.465116279,0.452620765,0.931186869
16,200,15.0256558,31.159838,1.8670504,31.159838,0.927661481,48,0,23,10,0.716049383,1,0.303030303,1,0.465116279,0.452620765,0.931186869
16,200,15.0256558,31.159838,1.8670504,31.159838,0.930003373,48,0,23,10,0.716049383,1,0.303030303,1,0.465116279,0.452620765,0.931186869
16,200,15.0256558,31.159838,1.8670504,31.159838,0.932345266,48,0,23,10,0.716049383,1,0.303030303,1,0.465116279,0.452620765,0.931186869
16,200,15.0256558,31.159838,1.8670504,31.159838,0.934687158,48,0,23,10,0.716049383,1,0.303030303,1,0.465116279,0.452620765,0.931186869
16,200,15.0256558,31.159838,1.8670504,31.159838,0.93702905,48,0,23,10,0.716049383,1,0.303030303,1,0.465116279,0.452620765,0.931186869
16,200,15.0256558,31.159838,1.8670504,31.159838,0.281299228,25,23,1,32,0.703703704,0.581818182,0.96969697,0.520833333,0.727272727,0.516268243,0.931186869
16,200,15.0256558,31.159838,1.8670504,31.159838,0.28364112,25,23,1,32,0.703703704,0.581818182,0.96969697,0.520833333,0.727272727,0.516268243,0.931186869
16,200,15.0256558,31.159838,1.8670504,31.159838,0.285983012,25,23,1,32,0.703703704,0.581818182,0.96969697,0.520833333,0.727272727,0.516268243,0.931186869
16,200,15.0256558,31.159838,1.8670504,31.159838,0.288324905,25,23,1,32,0.703703704,0.581818182,0.96969697,0.520833333,0.727272727,0.516268243,0.931186869
16,200,15.0256558,31.159838,1.8670504,31.159838,0.939370942,48,0,24,9,0.703703704,1,0.272727273,1,0.428571429,0.426401433,0.931186869
16,200,15.0256558,31.159838,1.8670504,31.159838,0.941712834,48,0,24,9,0.703703704,1,0.272727273,1,0.428571429,0.426401433,0.931186869
16,200,15.0256558,31.159838,1.8670504,31.159838,0.944054727,48,0,24,9,0.703703704,1,0.272727273,1,0.428571429,0.426401433,0.931186869
16,200,15.0256558,31.159838,1.8670504,31.159838,0.946396619,48,0,24,9,0.703703704,1,0.272727273,1,0.428571429,0.426401433,0.931186869
16,200,15.0256558,31.159838,1.8670504,31.159838,0.948738511,48,0,24,9,0.703703704,1,0.272727273,1,0.428571429,0.426401433,0.931186869
16,200,15.0256558,31.159838,1.8670504,31.159838,0.951080403,48,0,24,9,0.703703704,1,0.272727273,1,0.428571429,0.426401433,0.931186869
16,200,15.0256558,31.159838,1.8670504,31.159838,0.953422296,48,0,24,9,0.703703704,1,0.272727273,1,0.428571429,0.426401433,0.931186869
16,200,15.0256558,31.159838,1.8670504,31.159838,0.955764188,48,0,24,9,0.703703704,1,0.272727273,1,0.428571429,0.426401433,0.931186869
16,200,15.0256558,31.159838,1.8670504,31.159838,0.95810608,48,0,24,9,0.703703704,1,0.272727273,1,0.428571429,0.426401433,0.931186869
16,200,15.0256558,31.159838,1.8670504,31.159838,0.960447972,48,0,24,9,0.703703704,1,0.272727273,1,0.428571429,0.426401433,0.931186869
16,200,15.0256558,31.159838,1.8670504,31.159838,0.962789864,48,0,24,9,0.703703704,1,0.272727273,1,0.428571429,0.426401433,0.931186869
16,200,15.0256558,31.159838,1.8670504,31.159838,0.965131757,48,0,24,9,0.703703704,1,0.272727273,1,0.428571429,0.426401433,0.931186869
16,200,15.0256558,31.159838,1.8670504,31.159838,0.967473649,48,0,24,9,0.703703704,1,0.272727273,1,0.428571429,0.426401433,0.931186869
16,200,15.0256558,31.159838,1.8670504,31.159838,0.969815541,48,0,24,9,0.703703704,1,0.272727273,1,0.428571429,0.426401433,0.931186869
16,200,15.0256558,31.159838,1.8670504,31.159838,0.253196521,24,24,1,32,0.691358025,0.571428571,0.96969697,0.5,0.719101124,0.499610238,0.931186869
16,200,15.0256558,31.159838,1.8670504,31.159838,0.255538414,24,24,1,32,0.691358025,0.571428571,0.96969697,0.5,0.719101124,0.499610238,0.931186869
16,200,15.0256558,31.159838,1.8670504,31.159838,0.257880306,24,24,1,32,0.691358025,0.571428571,0.96969697,0.5,0.719101124,0.499610238,0.931186869
16,200,15.0256558,31.159838,1.8670504,31.159838,0.260222198,24,24,1,32,0.691358025,0.571428571,0.96969697,0.5,0.719101124,0.499610238,0.931186869
16,200,15.0256558,31.159838,1.8670504,31.159838,0.26256409,24,24,1,32,0.691358025,0.571428571,0.96969697,0.5,0.719101124,0.499610238,0.931186869
16,200,15.0256558,31.159838,1.8670504,31.159838,0.264905982,24,24,1,32,0.691358025,0.571428571,0.96969697,0.5,0.719101124,0.499610238,0.931186869
16,200,15.0256558,31.159838,1.8670504,31.159838,0.267247875,24,24,1,32,0.691358025,0.571428571,0.96969697,0.5,0.719101124,0.499610238,0.931186869
16,200,15.0256558,31.159838,1.8670504,31.159838,0.269589767,24,24,1,32,0.691358025,0.571428571,0.96969697,0.5,0.719101124,0.499610238,0.931186869
16,200,15.0256558,31.159838,1.8670504,31.159838,0.271931659,24,24,1,32,0.691358025,0.571428571,0.96969697,0.5,0.719101124,0.499610238,0.931186869
16,200,15.0256558,31.159838,1.8670504,31.159838,0.274273551,24,24,1,32,0.691358025,0.571428571,0.96969697,0.5,0.719101124,0.499610238,0.931186869
16,200,15.0256558,31.159838,1.8670504,31.159838,0.276615444,24,24,1,32,0.691358025,0.571428571,0.96969697,0.5,0.719101124,0.499610238,0.931186869
16,200,15.0256558,31.159838,1.8670504,31.159838,0.278957336,24,24,1,32,0.691358025,0.571428571,0.96969697,0.5,0.719101124,0.499610238,0.931186869
16,200,15.0256558,31.159838,1.8670504,31.159838,0.972157433,48,0,25,8,0.691358025,1,0.242424242,1,0.390243902,0.399252103,0.931186869
16,200,15.0256558,31.159838,1.8670504,31.159838,0.248512737,23,25,1,32,0.679012346,0.561403509,0.96969697,0.479166667,0.711111111,0.483002038,0.931186869
16,200,15.0256558,31.159838,1.8670504,31.159838,0.250854629,23,25,1,32,0.679012346,0.561403509,0.96969697,0.479166667,0.711111111,0.483002038,0.931186869
16,200,15.0256558,31.159838,1.8670504,31.159838,0.232119491,22,26,1,32,0.666666667,0.551724138,0.96969697,0.458333333,0.703296703,0.466416806,0.931186869
16,200,15.0256558,31.159838,1.8670504,31.159838,0.234461384,22,26,1,32,0.666666667,0.551724138,0.96969697,0.458333333,0.703296703,0.466416806,0.931186869
16,200,15.0256558,31.159838,1.8670504,31.159838,0.236803276,22,26,1,32,0.666666667,0.551724138,0.96969697,0.458333333,0.703296703,0.466416806,0.931186869
16,200,15.0256558,31.159838,1.8670504,31.159838,0.239145168,22,26,1,32,0.666666667,0.551724138,0.96969697,0.458333333,0.703296703,0.466416806,0.931186869
16,200,15.0256558,31.159838,1.8670504,31.159838,0.24148706,22,26,1,32,0.666666667,0.551724138,0.96969697,0.458333333,0.703296703,0.466416806,0.931186869
16,200,15.0256558,31.159838,1.8670504,31.159838,0.243828952,22,26,1,32,0.666666667,0.551724138,0.96969697,0.458333333,0.703296703,0.466416806,0.931186869
16,200,15.0256558,31.159838,1.8670504,31.159838,0.246170845,22,26,1,32,0.666666667,0.551724138,0.96969697,0.458333333,0.703296703,0.466416806,0.931186869
16,200,15.0256558,31.159838,1.8670504,31.159838,0.974499326,48,0,27,6,0.666666667,1,0.181818182,1,0.307692308,0.341121146,0.931186869
16,200,15.0256558,31.159838,1.8670504,31.159838,0.225093815,21,27,1,32,0.654320988,0.542372881,0.96969697,0.4375,0.695652174,0.449826234,0.931186869
16,200,15.0256558,31.159838,1.8670504,31.159838,0.227435707,21,27,1,32,0.654320988,0.542372881,0.96969697,0.4375,0.695652174,0.449826234,0.931186869
16,200,15.0256558,31.159838,1.8670504,31.159838,0.229777599,21,27,1,32,0.654320988,0.542372881,0.96969697,0.4375,0.695652174,0.449826234,0.931186869
16,200,15.0256558,31.159838,1.8670504,31.159838,0.976841218,48,0,28,5,0.654320988,1,0.151515152,1,0.263157895,0.309344112,0.931186869
16,200,15.0256558,31.159838,1.8670504,31.159838,0.97918311,48,0,28,5,0.654320988,1,0.151515152,1,0.263157895,0.309344112,0.931186869
16,200,15.0256558,31.159838,1.8670504,31.159838,0.213384354,20,28,1,32,0.641975309,0.533333333,0.96969697,0.416666667,0.688172043,0.433200113,0.931186869
16,200,15.0256558,31.159838,1.8670504,31.159838,0.215726246,20,28,1,32,0.641975309,0.533333333,0.96969697,0.416666667,0.688172043,0.433200113,0.931186869
16,200,15.0256558,31.159838,1.8670504,31.159838,0.218068138,20,28,1,32,0.641975309,0.533333333,0.96969697,0.416666667,0.688172043,0.433200113,0.931186869
16,200,15.0256558,31.159838,1.8670504,31.159838,0.22041003,20,28,1,32,0.641975309,0.533333333,0.96969697,0.416666667,0.688172043,0.433200113,0.931186869
16,200,15.0256558,31.159838,1.8670504,31.159838,0.222751922,20,28,1,32,0.641975309,0.533333333,0.96969697,0.416666667,0.688172043,0.433200113,0.931186869
16,200,15.0256558,31.159838,1.8670504,31.159838,0.981525002,48,0,29,4,0.641975309,1,0.121212121,1,0.216216216,0.274883253,0.931186869
16,200,15.0256558,31.159838,1.8670504,31.159838,0.983866894,48,0,29,4,0.641975309,1,0.121212121,1,0.216216216,0.274883253,0.931186869
16,200,15.0256558,31.159838,1.8670504,31.159838,0.986208787,48,0,29,4,0.641975309,1,0.121212121,1,0.216216216,0.274883253,0.931186869
16,200,15.0256558,31.159838,1.8670504,31.159838,0.988550679,48,0,29,4,0.641975309,1,0.121212121,1,0.216216216,0.274883253,0.931186869
16,200,15.0256558,31.159838,1.8670504,31.159838,0.990892571,48,0,29,4,0.641975309,1,0.121212121,1,0.216216216,0.274883253,0.931186869
16,200,15.0256558,31.159838,1.8670504,31.159838,0.993234463,48,0,29,4,0.641975309,1,0.121212121,1,0.216216216,0.274883253,0.931186869
16,200,15.0256558,31.159838,1.8670504,31.159838,0.995576356,48,0,29,4,0.641975309,1,0.121212121,1,0.216216216,0.274883253,0.931186869
16,200,15.0256558,31.159838,1.8670504,31.159838,0.997918248,48,0,29,4,0.641975309,1,0.121212121,1,0.216216216,0.274883253,0.931186869
16,200,15.0256558,31.159838,1.8670504,31.159838,1.00026014,48,0,29,4,0.641975309,1,0.121212121,1,0.216216216,0.274883253,0.931186869
16,200,15.0256558,31.159838,1.8670504,31.159838,1.002602032,48,0,29,4,0.641975309,1,0.121212121,1,0.216216216,0.274883253,0.931186869
16,200,15.0256558,31.159838,1.8670504,31.159838,1.004943924,48,0,29,4,0.641975309,1,0.121212121,1,0.216216216,0.274883253,0.931186869
16,200,15.0256558,31.159838,1.8670504,31.159838,1.007285817,48,0,29,4,0.641975309,1,0.121212121,1,0.216216216,0.274883253,0.931186869
16,200,15.0256558,31.159838,1.8670504,31.159838,1.009627709,48,0,29,4,0.641975309,1,0.121212121,1,0.216216216,0.274883253,0.931186869
16,200,15.0256558,31.159838,1.8670504,31.159838,1.011969601,48,0,29,4,0.641975309,1,0.121212121,1,0.216216216,0.274883253,0.931186869
16,200,15.0256558,31.159838,1.8670504,31.159838,1.014311493,48,0,29,4,0.641975309,1,0.121212121,1,0.216216216,0.274883253,0.931186869
16,200,15.0256558,31.159838,1.8670504,31.159838,1.016653385,48,0,29,4,0.641975309,1,0.121212121,1,0.216216216,0.274883253,0.931186869
16,200,15.0256558,31.159838,1.8670504,31.159838,1.018995278,48,0,29,4,0.641975309,1,0.121212121,1,0.216216216,0.274883253,0.931186869
16,200,15.0256558,31.159838,1.8670504,31.159838,1.02133717,48,0,29,4,0.641975309,1,0.121212121,1,0.216216216,0.274883253,0.931186869
16,200,15.0256558,31.159838,1.8670504,31.159838,1.023679062,48,0,29,4,0.641975309,1,0.121212121,1,0.216216216,0.274883253,0.931186869
16,200,15.0256558,31.159838,1.8670504,31.159838,1.026020954,48,0,29,4,0.641975309,1,0.121212121,1,0.216216216,0.274883253,0.931186869
16,200,15.0256558,31.159838,1.8670504,31.159838,1.028362847,48,0,29,4,0.641975309,1,0.121212121,1,0.216216216,0.274883253,0.931186869
16,200,15.0256558,31.159838,1.8670504,31.159838,1.030704739,48,0,29,4,0.641975309,1,0.121212121,1,0.216216216,0.274883253,0.931186869
16,200,15.0256558,31.159838,1.8670504,31.159838,1.033046631,48,0,29,4,0.641975309,1,0.121212121,1,0.216216216,0.274883253,0.931186869
16,200,15.0256558,31.159838,1.8670504,31.159838,1.035388523,48,0,29,4,0.641975309,1,0.121212121,1,0.216216216,0.274883253,0.931186869
16,200,15.0256558,31.159838,1.8670504,31.159838,1.037730415,48,0,29,4,0.641975309,1,0.121212121,1,0.216216216,0.274883253,0.931186869
16,200,15.0256558,31.159838,1.8670504,31.159838,1.040072308,48,0,29,4,0.641975309,1,0.121212121,1,0.216216216,0.274883253,0.931186869
16,200,15.0256558,31.159838,1.8670504,31.159838,1.0424142,48,0,29,4,0.641975309,1,0.121212121,1,0.216216216,0.274883253,0.931186869
16,200,15.0256558,31.159838,1.8670504,31.159838,1.044756092,48,0,29,4,0.641975309,1,0.121212121,1,0.216216216,0.274883253,0.931186869
16,200,15.0256558,31.159838,1.8670504,31.159838,1.047097984,48,0,29,4,0.641975309,1,0.121212121,1,0.216216216,0.274883253,0.931186869
16,200,15.0256558,31.159838,1.8670504,31.159838,1.049439877,48,0,29,4,0.641975309,1,0.121212121,1,0.216216216,0.274883253,0.931186869
16,200,15.0256558,31.159838,1.8670504,31.159838,1.051781769,48,0,29,4,0.641975309,1,0.121212121,1,0.216216216,0.274883253,0.931186869
16,200,15.0256558,31.159838,1.8670504,31.159838,1.054123661,48,0,29,4,0.641975309,1,0.121212121,1,0.216216216,0.274883253,0.931186869
16,200,15.0256558,31.159838,1.8670504,31.159838,1.056465553,48,0,29,4,0.641975309,1,0.121212121,1,0.216216216,0.274883253,0.931186869
16,200,15.0256558,31.159838,1.8670504,31.159838,1.058807445,48,0,29,4,0.641975309,1,0.121212121,1,0.216216216,0.274883253,0.931186869
16,200,15.0256558,31.159838,1.8670504,31.159838,1.061149338,48,0,29,4,0.641975309,1,0.121212121,1,0.216216216,0.274883253,0.931186869
16,200,15.0256558,31.159838,1.8670504,31.159838,1.06349123,48,0,29,4,0.641975309,1,0.121212121,1,0.216216216,0.274883253,0.931186869
16,200,15.0256558,31.159838,1.8670504,31.159838,1.065833122,48,0,29,4,0.641975309,1,0.121212121,1,0.216216216,0.274883253,0.931186869
16,200,15.0256558,31.159838,1.8670504,31.159838,1.068175014,48,0,29,4,0.641975309,1,0.121212121,1,0.216216216,0.274883253,0.931186869
16,200,15.0256558,31.159838,1.8670504,31.159838,1.070516907,48,0,29,4,0.641975309,1,0.121212121,1,0.216216216,0.274883253,0.931186869
16,200,15.0256558,31.159838,1.8670504,31.159838,1.072858799,48,0,29,4,0.641975309,1,0.121212121,1,0.216216216,0.274883253,0.931186869
16,200,15.0256558,31.159838,1.8670504,31.159838,1.075200691,48,0,29,4,0.641975309,1,0.121212121,1,0.216216216,0.274883253,0.931186869
16,200,15.0256558,31.159838,1.8670504,31.159838,1.077542583,48,0,29,4,0.641975309,1,0.121212121,1,0.216216216,0.274883253,0.931186869
16,200,15.0256558,31.159838,1.8670504,31.159838,0.154837048,18,30,0,33,0.62962963,0.523809524,1,0.375,0.6875,0.44320263,0.931186869
16,200,15.0256558,31.159838,1.8670504,31.159838,0.15717894,18,30,0,33,0.62962963,0.523809524,1,0.375,0.6875,0.44320263,0.931186869
16,200,15.0256558,31.159838,1.8670504,31.159838,1.079884475,48,0,30,3,0.62962963,1,0.090909091,1,0.166666667,0.236524958,0.931186869
16,200,15.0256558,31.159838,1.8670504,31.159838,1.082226368,48,0,30,3,0.62962963,1,0.090909091,1,0.166666667,0.236524958,0.931186869
16,200,15.0256558,31.159838,1.8670504,31.159838,1.08456826,48,0,30,3,0.62962963,1,0.090909091,1,0.166666667,0.236524958,0.931186869
16,200,15.0256558,31.159838,1.8670504,31.159838,1.086910152,48,0,30,3,0.62962963,1,0.090909091,1,0.166666667,0.236524958,0.931186869
16,200,15.0256558,31.159838,1.8670504,31.159838,1.089252044,48,0,30,3,0.62962963,1,0.090909091,1,0.166666667,0.236524958,0.931186869
16,200,15.0256558,31.159838,1.8670504,31.159838,1.091593937,48,0,30,3,0.62962963,1,0.090909091,1,0.166666667,0.236524958,0.931186869
16,200,15.0256558,31.159838,1.8670504,31.159838,1.093935829,48,0,30,3,0.62962963,1,0.090909091,1,0.166666667,0.236524958,0.931186869
16,200,15.0256558,31.159838,1.8670504,31.159838,1.096277721,48,0,30,3,0.62962963,1,0.090909091,1,0.166666667,0.236524958,0.931186869
16,200,15.0256558,31.159838,1.8670504,31.159838,0.159520832,18,30,1,32,0.617283951,0.516129032,0.96969697,0.375,0.673684211,0.399707603,0.931186869
16,200,15.0256558,31.159838,1.8670504,31.159838,0.161862725,18,30,1,32,0.617283951,0.516129032,0.96969697,0.375,0.673684211,0.399707603,0.931186869
16,200,15.0256558,31.159838,1.8670504,31.159838,0.164204617,18,30,1,32,0.617283951,0.516129032,0.96969697,0.375,0.673684211,0.399707603,0.931186869
16,200,15.0256558,31.159838,1.8670504,31.159838,0.166546509,18,30,1,32,0.617283951,0.516129032,0.96969697,0.375,0.673684211,0.399707603,0.931186869
16,200,15.0256558,31.159838,1.8670504,31.159838,0.168888401,18,30,1,32,0.617283951,0.516129032,0.96969697,0.375,0.673684211,0.399707603,0.931186869
16,200,15.0256558,31.159838,1.8670504,31.159838,0.171230294,18,30,1,32,0.617283951,0.516129032,0.96969697,0.375,0.673684211,0.399707603,0.931186869
16,200,15.0256558,31.159838,1.8670504,31.159838,0.173572186,18,30,1,32,0.617283951,0.516129032,0.96969697,0.375,0.673684211,0.399707603,0.931186869
16,200,15.0256558,31.159838,1.8670504,31.159838,0.175914078,18,30,1,32,0.617283951,0.516129032,0.96969697,0.375,0.673684211,0.399707603,0.931186869
16,200,15.0256558,31.159838,1.8670504,31.159838,0.17825597,18,30,1,32,0.617283951,0.516129032,0.96969697,0.375,0.673684211,0.399707603,0.931186869
16,200,15.0256558,31.159838,1.8670504,31.159838,0.180597862,18,30,1,32,0.617283951,0.516129032,0.96969697,0.375,0.673684211,0.399707603,0.931186869
16,200,15.0256558,31.159838,1.8670504,31.159838,0.182939755,18,30,1,32,0.617283951,0.516129032,0.96969697,0.375,0.673684211,0.399707603,0.931186869
16,200,15.0256558,31.159838,1.8670504,31.159838,0.185281647,18,30,1,32,0.617283951,0.516129032,0.96969697,0.375,0.673684211,0.399707603,0.931186869
16,200,15.0256558,31.159838,1.8670504,31.159838,0.187623539,18,30,1,32,0.617283951,0.516129032,0.96969697,0.375,0.673684211,0.399707603,0.931186869
16,200,15.0256558,31.159838,1.8670504,31.159838,0.189965431,18,30,1,32,0.617283951,0.516129032,0.96969697,0.375,0.673684211,0.399707603,0.931186869
16,200,15.0256558,31.159838,1.8670504,31.159838,0.192307324,18,30,1,32,0.617283951,0.516129032,0.96969697,0.375,0.673684211,0.399707603,0.931186869
16,200,15.0256558,31.159838,1.8670504,31.159838,0.194649216,18,30,1,32,0.617283951,0.516129032,0.96969697,0.375,0.673684211,0.399707603,0.931186869
16,200,15.0256558,31.159838,1.8670504,31.159838,0.196991108,18,30,1,32,0.617283951,0.516129032,0.96969697,0.375,0.673684211,0.399707603,0.931186869
16,200,15.0256558,31.159838,1.8670504,31.159838,0.199333,18,30,1,32,0.617283951,0.516129032,0.96969697,0.375,0.673684211,0.399707603,0.931186869
16,200,15.0256558,31.159838,1.8670504,31.159838,0.201674892,18,30,1,32,0.617283951,0.516129032,0.96969697,0.375,0.673684211,0.399707603,0.931186869
16,200,15.0256558,31.159838,1.8670504,31.159838,0.204016785,18,30,1,32,0.617283951,0.516129032,0.96969697,0.375,0.673684211,0.399707603,0.931186869
16,200,15.0256558,31.159838,1.8670504,31.159838,0.206358677,18,30,1,32,0.617283951,0.516129032,0.96969697,0.375,0.673684211,0.399707603,0.931186869
16,200,15.0256558,31.159838,1.8670504,31.159838,0.208700569,18,30,1,32,0.617283951,0.516129032,0.96969697,0.375,0.673684211,0.399707603,0.931186869
16,200,15.0256558,31.159838,1.8670504,31.159838,0.211042461,18,30,1,32,0.617283951,0.516129032,0.96969697,0.375,0.673684211,0.399707603,0.931186869
16,200,15.0256558,31.159838,1.8670504,31.159838,1.098619613,48,0,31,2,0.617283951,1,0.060606061,1,0.114285714,0.191895637,0.931186869
16,200,15.0256558,31.159838,1.8670504,31.159838,1.100961505,48,0,31,2,0.617283951,1,0.060606061,1,0.114285714,0.191895637,0.931186869
16,200,15.0256558,31.159838,1.8670504,31.159838,1.103303398,48,0,31,2,0.617283951,1,0.060606061,1,0.114285714,0.191895637,0.931186869
16,200,15.0256558,31.159838,1.8670504,31.159838,1.10564529,48,0,31,2,0.617283951,1,0.060606061,1,0.114285714,0.191895637,0.931186869
16,200,15.0256558,31.159838,1.8670504,31.159838,1.107987182,48,0,31,2,0.617283951,1,0.060606061,1,0.114285714,0.191895637,0.931186869
16,200,15.0256558,31.159838,1.8670504,31.159838,1.110329074,48,0,31,2,0.617283951,1,0.060606061,1,0.114285714,0.191895637,0.931186869
16,200,15.0256558,31.159838,1.8670504,31.159838,1.112670967,48,0,31,2,0.617283951,1,0.060606061,1,0.114285714,0.191895637,0.931186869
16,200,15.0256558,31.159838,1.8670504,31.159838,0.140785695,16,32,0,33,0.604938272,0.507692308,1,0.333333333,0.673469388,0.411376676,0.931186869
16,200,15.0256558,31.159838,1.8670504,31.159838,0.143127587,16,32,0,33,0.604938272,0.507692308,1,0.333333333,0.673469388,0.411376676,0.931186869
16,200,15.0256558,31.159838,1.8670504,31.159838,0.145469479,16,32,0,33,0.604938272,0.507692308,1,0.333333333,0.673469388,0.411376676,0.931186869
16,200,15.0256558,31.159838,1.8670504,31.159838,0.147811371,16,32,0,33,0.604938272,0.507692308,1,0.333333333,0.673469388,0.411376676,0.931186869
16,200,15.0256558,31.159838,1.8670504,31.159838,0.150153264,16,32,0,33,0.604938272,0.507692308,1,0.333333333,0.673469388,0.411376676,0.931186869
16,200,15.0256558,31.159838,1.8670504,31.159838,0.152495156,16,32,0,33,0.604938272,0.507692308,1,0.333333333,0.673469388,0.411376676,0.931186869
16,200,15.0256558,31.159838,1.8670504,31.159838,1.115012859,48,0,32,1,0.604938272,1,0.03030303,1,0.058823529,0.134839972,0.931186869
16,200,15.0256558,31.159838,1.8670504,31.159838,1.117354751,48,0,32,1,0.604938272,1,0.03030303,1,0.058823529,0.134839972,0.931186869
16,200,15.0256558,31.159838,1.8670504,31.159838,1.119696643,48,0,32,1,0.604938272,1,0.03030303,1,0.058823529,0.134839972,0.931186869
16,200,15.0256558,31.159838,1.8670504,31.159838,1.122038535,48,0,32,1,0.604938272,1,0.03030303,1,0.058823529,0.134839972,0.931186869
16,200,15.0256558,31.159838,1.8670504,31.159838,1.124380428,48,0,32,1,0.604938272,1,0.03030303,1,0.058823529,0.134839972,0.931186869
16,200,15.0256558,31.159838,1.8670504,31.159838,1.12672232,48,0,32,1,0.604938272,1,0.03030303,1,0.058823529,0.134839972,0.931186869
16,200,15.0256558,31.159838,1.8670504,31.159838,1.129064212,48,0,32,1,0.604938272,1,0.03030303,1,0.058823529,0.134839972,0.931186869
16,200,15.0256558,31.159838,1.8670504,31.159838,1.131406104,48,0,32,1,0.604938272,1,0.03030303,1,0.058823529,0.134839972,0.931186869
16,200,15.0256558,31.159838,1.8670504,31.159838,1.133747997,48,0,32,1,0.604938272,1,0.03030303,1,0.058823529,0.134839972,0.931186869
16,200,15.0256558,31.159838,1.8670504,31.159838,1.136089889,48,0,32,1,0.604938272,1,0.03030303,1,0.058823529,0.134839972,0.931186869
16,200,15.0256558,31.159838,1.8670504,31.159838,1.138431781,48,0,32,1,0.604938272,1,0.03030303,1,0.058823529,0.134839972,0.931186869
16,200,15.0256558,31.159838,1.8670504,31.159838,1.140773673,48,0,32,1,0.604938272,1,0.03030303,1,0.058823529,0.134839972,0.931186869
16,200,15.0256558,31.159838,1.8670504,31.159838,1.143115565,48,0,32,1,0.604938272,1,0.03030303,1,0.058823529,0.134839972,0.931186869
16,200,15.0256558,31.159838,1.8670504,31.159838,1.145457458,48,0,32,1,0.604938272,1,0.03030303,1,0.058823529,0.134839972,0.931186869
16,200,15.0256558,31.159838,1.8670504,31.159838,1.14779935,48,0,32,1,0.604938272,1,0.03030303,1,0.058823529,0.134839972,0.931186869
16,200,15.0256558,31.159838,1.8670504,31.159838,1.150141242,48,0,32,1,0.604938272,1,0.03030303,1,0.058823529,0.134839972,0.931186869
16,200,15.0256558,31.159838,1.8670504,31.159838,1.152483134,48,0,32,1,0.604938272,1,0.03030303,1,0.058823529,0.134839972,0.931186869
16,200,15.0256558,31.159838,1.8670504,31.159838,1.154825027,48,0,32,1,0.604938272,1,0.03030303,1,0.058823529,0.134839972,0.931186869
16,200,15.0256558,31.159838,1.8670504,31.159838,1.157166919,48,0,32,1,0.604938272,1,0.03030303,1,0.058823529,0.134839972,0.931186869
16,200,15.0256558,31.159838,1.8670504,31.159838,1.159508811,48,0,32,1,0.604938272,1,0.03030303,1,0.058823529,0.134839972,0.931186869
16,200,15.0256558,31.159838,1.8670504,31.159838,1.161850703,48,0,32,1,0.604938272,1,0.03030303,1,0.058823529,0.134839972,0.931186869
16,200,15.0256558,31.159838,1.8670504,31.159838,1.164192595,48,0,32,1,0.604938272,1,0.03030303,1,0.058823529,0.134839972,0.931186869
16,200,15.0256558,31.159838,1.8670504,31.159838,1.166534488,48,0,32,1,0.604938272,1,0.03030303,1,0.058823529,0.134839972,0.931186869
16,200,15.0256558,31.159838,1.8670504,31.159838,1.16887638,48,0,32,1,0.604938272,1,0.03030303,1,0.058823529,0.134839972,0.931186869
16,200,15.0256558,31.159838,1.8670504,31.159838,0.117366772,15,33,0,33,0.592592593,0.5,1,0.3125,0.666666667,0.395284708,0.931186869
16,200,15.0256558,31.159838,1.8670504,31.159838,0.119708665,15,33,0,33,0.592592593,0.5,1,0.3125,0.666666667,0.395284708,0.931186869
16,200,15.0256558,31.159838,1.8670504,31.159838,0.122050557,15,33,0,33,0.592592593,0.5,1,0.3125,0.666666667,0.395284708,0.931186869
16,200,15.0256558,31.159838,1.8670504,31.159838,0.124392449,15,33,0,33,0.592592593,0.5,1,0.3125,0.666666667,0.395284708,0.931186869
16,200,15.0256558,31.159838,1.8670504,31.159838,0.126734341,15,33,0,33,0.592592593,0.5,1,0.3125,0.666666667,0.395284708,0.931186869
16,200,15.0256558,31.159838,1.8670504,31.159838,0.129076234,15,33,0,33,0.592592593,0.5,1,0.3125,0.666666667,0.395284708,0.931186869
16,200,15.0256558,31.159838,1.8670504,31.159838,0.131418126,15,33,0,33,0.592592593,0.5,1,0.3125,0.666666667,0.395284708,0.931186869
16,200,15.0256558,31.159838,1.8670504,31.159838,0.133760018,15,33,0,33,0.592592593,0.5,1,0.3125,0.666666667,0.395284708,0.931186869
16,200,15.0256558,31.159838,1.8670504,31.159838,0.13610191,15,33,0,33,0.592592593,0.5,1,0.3125,0.666666667,0.395284708,0.931186869
16,200,15.0256558,31.159838,1.8670504,31.159838,0.138443802,15,33,0,33,0.592592593,0.5,1,0.3125,0.666666667,0.395284708,0.931186869
16,200,15.0256558,31.159838,1.8670504,31.159838,1.171218272,48,0,33,0,0.592592593, nan,0,1,0, nan,0.931186869
16,200,15.0256558,31.159838,1.8670504,31.159838,0.082238389,14,34,0,33,0.580246914,0.492537313,1,0.291666667,0.66,0.379020733,0.931186869
16,200,15.0256558,31.159838,1.8670504,31.159838,0.084580281,14,34,0,33,0.580246914,0.492537313,1,0.291666667,0.66,0.379020733,0.931186869
16,200,15.0256558,31.159838,1.8670504,31.159838,0.086922174,14,34,0,33,0.580246914,0.492537313,1,0.291666667,0.66,0.379020733,0.931186869
16,200,15.0256558,31.159838,1.8670504,31.159838,0.089264066,14,34,0,33,0.580246914,0.492537313,1,0.291666667,0.66,0.379020733,0.931186869
16,200,15.0256558,31.159838,1.8670504,31.159838,0.091605958,14,34,0,33,0.580246914,0.492537313,1,0.291666667,0.66,0.379020733,0.931186869
16,200,15.0256558,31.159838,1.8670504,31.159838,0.09394785,14,34,0,33,0.580246914,0.492537313,1,0.291666667,0.66,0.379020733,0.931186869
16,200,15.0256558,31.159838,1.8670504,31.159838,0.096289742,14,34,0,33,0.580246914,0.492537313,1,0.291666667,0.66,0.379020733,0.931186869
16,200,15.0256558,31.159838,1.8670504,31.159838,0.098631635,14,34,0,33,0.580246914,0.492537313,1,0.291666667,0.66,0.379020733,0.931186869
16,200,15.0256558,31.159838,1.8670504,31.159838,0.100973527,14,34,0,33,0.580246914,0.492537313,1,0.291666667,0.66,0.379020733,0.931186869
16,200,15.0256558,31.159838,1.8670504,31.159838,0.103315419,14,34,0,33,0.580246914,0.492537313,1,0.291666667,0.66,0.379020733,0.931186869
16,200,15.0256558,31.159838,1.8670504,31.159838,0.105657311,14,34,0,33,0.580246914,0.492537313,1,0.291666667,0.66,0.379020733,0.931186869
16,200,15.0256558,31.159838,1.8670504,31.159838,0.107999204,14,34,0,33,0.580246914,0.492537313,1,0.291666667,0.66,0.379020733,0.931186869
16,200,15.0256558,31.159838,1.8670504,31.159838,0.110341096,14,34,0,33,0.580246914,0.492537313,1,0.291666667,0.66,0.379020733,0.931186869
16,200,15.0256558,31.159838,1.8670504,31.159838,0.112682988,14,34,0,33,0.580246914,0.492537313,1,0.291666667,0.66,0.379020733,0.931186869
16,200,15.0256558,31.159838,1.8670504,31.159838,0.11502488,14,34,0,33,0.580246914,0.492537313,1,0.291666667,0.66,0.379020733,0.931186869
16,200,15.0256558,31.159838,1.8670504,31.159838,0.077554605,13,35,0,33,0.567901235,0.485294118,1,0.270833333,0.653465347,0.36253803,0.931186869
16,200,15.0256558,31.159838,1.8670504,31.159838,0.079896497,13,35,0,33,0.567901235,0.485294118,1,0.270833333,0.653465347,0.36253803,0.931186869
16,200,15.0256558,31.159838,1.8670504,31.159838,0.05179379,12,36,0,33,0.555555556,0.47826087,1,0.25,0.647058824,0.345782037,0.931186869
16,200,15.0256558,31.159838,1.8670504,31.159838,0.054135682,12,36,0,33,0.555555556,0.47826087,1,0.25,0.647058824,0.345782037,0.931186869
16,200,15.0256558,31.159838,1.8670504,31.159838,0.056477575,12,36,0,33,0.555555556,0.47826087,1,0.25,0.647058824,0.345782037,0.931186869
16,200,15.0256558,31.159838,1.8670504,31.159838,0.058819467,12,36,0,33,0.555555556,0.47826087,1,0.25,0.647058824,0.345782037,0.931186869
16,200,15.0256558,31.159838,1.8670504,31.159838,0.061161359,12,36,0,33,0.555555556,0.47826087,1,0.25,0.647058824,0.345782037,0.931186869
16,200,15.0256558,31.159838,1.8670504,31.159838,0.063503251,12,36,0,33,0.555555556,0.47826087,1,0.25,0.647058824,0.345782037,0.931186869
16,200,15.0256558,31.159838,1.8670504,31.159838,0.065845144,12,36,0,33,0.555555556,0.47826087,1,0.25,0.647058824,0.345782037,0.931186869
16,200,15.0256558,31.159838,1.8670504,31.159838,0.068187036,12,36,0,33,0.555555556,0.47826087,1,0.25,0.647058824,0.345782037,0.931186869
16,200,15.0256558,31.159838,1.8670504,31.159838,0.070528928,12,36,0,33,0.555555556,0.47826087,1,0.25,0.647058824,0.345782037,0.931186869
16,200,15.0256558,31.159838,1.8670504,31.159838,0.07287082,12,36,0,33,0.555555556,0.47826087,1,0.25,0.647058824,0.345782037,0.931186869
16,200,15.0256558,31.159838,1.8670504,31.159838,0.075212712,12,36,0,33,0.555555556,0.47826087,1,0.25,0.647058824,0.345782037,0.931186869
16,200,15.0256558,31.159838,1.8670504,31.159838,0.035400545,11,37,0,33,0.543209877,0.471428571,1,0.229166667,0.640776699,0.328687868,0.931186869
16,200,15.0256558,31.159838,1.8670504,31.159838,0.037742437,11,37,0,33,0.543209877,0.471428571,1,0.229166667,0.640776699,0.328687868,0.931186869
16,200,15.0256558,31.159838,1.8670504,31.159838,0.040084329,11,37,0,33,0.543209877,0.471428571,1,0.229166667,0.640776699,0.328687868,0.931186869
16,200,15.0256558,31.159838,1.8670504,31.159838,0.042426221,11,37,0,33,0.543209877,0.471428571,1,0.229166667,0.640776699,0.328687868,0.931186869
16,200,15.0256558,31.159838,1.8670504,31.159838,0.044768114,11,37,0,33,0.543209877,0.471428571,1,0.229166667,0.640776699,0.328687868,0.931186869
16,200,15.0256558,31.159838,1.8670504,31.159838,0.047110006,11,37,0,33,0.543209877,0.471428571,1,0.229166667,0.640776699,0.328687868,0.931186869
16,200,15.0256558,31.159838,1.8670504,31.159838,0.049451898,11,37,0,33,0.543209877,0.471428571,1,0.229166667,0.640776699,0.328687868,0.931186869
16,200,15.0256558,31.159838,1.8670504,31.159838,0.026032976,9,39,0,33,0.518518519,0.458333333,1,0.1875,0.628571429,0.293150985,0.931186869
16,200,15.0256558,31.159838,1.8670504,31.159838,0.028374868,9,39,0,33,0.518518519,0.458333333,1,0.1875,0.628571429,0.293150985,0.931186869
16,200,15.0256558,31.159838,1.8670504,31.159838,0.03071676,9,39,0,33,0.518518519,0.458333333,1,0.1875,0.628571429,0.293150985,0.931186869
16,200,15.0256558,31.159838,1.8670504,31.159838,0.033058652,9,39,0,33,0.518518519,0.458333333,1,0.1875,0.628571429,0.293150985,0.931186869
16,200,15.0256558,31.159838,1.8670504,31.159838,0.023691084,8,40,0,33,0.50617284,0.452054795,1,0.166666667,0.622641509,0.274485821,0.931186869
16,200,15.0256558,31.159838,1.8670504,31.159838,0.007297838,7,41,0,33,0.49382716,0.445945946,1,0.145833333,0.61682243,0.255017223,0.931186869
16,200,15.0256558,31.159838,1.8670504,31.159838,0.00963973,7,41,0,33,0.49382716,0.445945946,1,0.145833333,0.61682243,0.255017223,0.931186869
16,200,15.0256558,31.159838,1.8670504,31.159838,0.011981622,7,41,0,33,0.49382716,0.445945946,1,0.145833333,0.61682243,0.255017223,0.931186869
16,200,15.0256558,31.159838,1.8670504,31.159838,0.014323515,7,41,0,33,0.49382716,0.445945946,1,0.145833333,0.61682243,0.255017223,0.931186869
16,200,15.0256558,31.159838,1.8670504,31.159838,0.016665407,7,41,0,33,0.49382716,0.445945946,1,0.145833333,0.61682243,0.255017223,0.931186869
16,200,15.0256558,31.159838,1.8670504,31.159838,0.019007299,7,41,0,33,0.49382716,0.445945946,1,0.145833333,0.61682243,0.255017223,0.931186869
16,200,15.0256558,31.159838,1.8670504,31.159838,0.021349191,7,41,0,33,0.49382716,0.445945946,1,0.145833333,0.61682243,0.255017223,0.931186869
16,200,15.0256558,31.159838,1.8670504,31.159838,-0.013779192,6,42,0,33,0.481481481,0.44,1,0.125,0.611111111,0.234520788,0.931186869
16,200,15.0256558,31.159838,1.8670504,31.159838,-0.0114373,6,42,0,33,0.481481481,0.44,1,0.125,0.611111111,0.234520788,0.931186869
16,200,15.0256558,31.159838,1.8670504,31.159838,-0.009095408,6,42,0,33,0.481481481,0.44,1,0.125,0.611111111,0.234520788,0.931186869
16,200,15.0256558,31.159838,1.8670504,31.159838,-0.006753515,6,42,0,33,0.481481481,0.44,1,0.125,0.611111111,0.234520788,0.931186869
16,200,15.0256558,31.159838,1.8670504,31.159838,-0.004411623,6,42,0,33,0.481481481,0.44,1,0.125,0.611111111,0.234520788,0.931186869
16,200,15.0256558,31.159838,1.8670504,31.159838,-0.002069731,6,42,0,33,0.481481481,0.44,1,0.125,0.611111111,0.234520788,0.931186869
16,200,15.0256558,31.159838,1.8670504,31.159838,0.000272161,6,42,0,33,0.481481481,0.44,1,0.125,0.611111111,0.234520788,0.931186869
16,200,15.0256558,31.159838,1.8670504,31.159838,0.002614054,6,42,0,33,0.481481481,0.44,1,0.125,0.611111111,0.234520788,0.931186869
16,200,15.0256558,31.159838,1.8670504,31.159838,0.004955946,6,42,0,33,0.481481481,0.44,1,0.125,0.611111111,0.234520788,0.931186869
16,200,15.0256558,31.159838,1.8670504,31.159838,-0.023146761,5,43,0,33,0.469135802,0.434210526,1,0.104166667,0.605504587,0.212674077,0.931186869
16,200,15.0256558,31.159838,1.8670504,31.159838,-0.020804869,5,43,0,33,0.469135802,0.434210526,1,0.104166667,0.605504587,0.212674077,0.931186869
16,200,15.0256558,31.159838,1.8670504,31.159838,-0.018462976,5,43,0,33,0.469135802,0.434210526,1,0.104166667,0.605504587,0.212674077,0.931186869
16,200,15.0256558,31.159838,1.8670504,31.159838,-0.016121084,5,43,0,33,0.469135802,0.434210526,1,0.104166667,0.605504587,0.212674077,0.931186869
16,200,15.0256558,31.159838,1.8670504,31.159838,-0.044223791,3,45,0,33,0.444444444,0.423076923,1,0.0625,0.594594595,0.162610909,0.931186869
16,200,15.0256558,31.159838,1.8670504,31.159838,-0.041881899,3,45,0,33,0.444444444,0.423076923,1,0.0625,0.594594595,0.162610909,0.931186869
16,200,15.0256558,31.159838,1.8670504,31.159838,-0.039540006,3,45,0,33,0.444444444,0.423076923,1,0.0625,0.594594595,0.162610909,0.931186869
16,200,15.0256558,31.159838,1.8670504,31.159838,-0.037198114,3,45,0,33,0.444444444,0.423076923,1,0.0625,0.594594595,0.162610909,0.931186869
16,200,15.0256558,31.159838,1.8670504,31.159838,-0.034856222,3,45,0,33,0.444444444,0.423076923,1,0.0625,0.594594595,0.162610909,0.931186869
16,200,15.0256558,31.159838,1.8670504,31.159838,-0.03251433,3,45,0,33,0.444444444,0.423076923,1,0.0625,0.594594595,0.162610909,0.931186869
16,200,15.0256558,31.159838,1.8670504,31.159838,-0.030172438,3,45,0,33,0.444444444,0.423076923,1,0.0625,0.594594595,0.162610909,0.931186869
16,200,15.0256558,31.159838,1.8670504,31.159838,-0.027830545,3,45,0,33,0.444444444,0.423076923,1,0.0625,0.594594595,0.162610909,0.931186869
16,200,15.0256558,31.159838,1.8670504,31.159838,-0.025488653,3,45,0,33,0.444444444,0.423076923,1,0.0625,0.594594595,0.162610909,0.931186869
16,200,15.0256558,31.159838,1.8670504,31.159838,-0.065300821,2,46,0,33,0.432098765,0.417721519,1,0.041666667,0.589285714,0.131928251,0.931186869
16,200,15.0256558,31.159838,1.8670504,31.159838,-0.062958929,2,46,0,33,0.432098765,0.417721519,1,0.041666667,0.589285714,0.131928251,0.931186869
16,200,15.0256558,31.159838,1.8670504,31.159838,-0.060617036,2,46,0,33,0.432098765,0.417721519,1,0.041666667,0.589285714,0.131928251,0.931186869
16,200,15.0256558,31.159838,1.8670504,31.159838,-0.058275144,2,46,0,33,0.432098765,0.417721519,1,0.041666667,0.589285714,0.131928251,0.931186869
16,200,15.0256558,31.159838,1.8670504,31.159838,-0.055933252,2,46,0,33,0.432098765,0.417721519,1,0.041666667,0.589285714,0.131928251,0.931186869
16,200,15.0256558,31.159838,1.8670504,31.159838,-0.05359136,2,46,0,33,0.432098765,0.417721519,1,0.041666667,0.589285714,0.131928251,0.931186869
16,200,15.0256558,31.159838,1.8670504,31.159838,-0.051249467,2,46,0,33,0.432098765,0.417721519,1,0.041666667,0.589285714,0.131928251,0.931186869
16,200,15.0256558,31.159838,1.8670504,31.159838,-0.048907575,2,46,0,33,0.432098765,0.417721519,1,0.041666667,0.589285714,0.131928251,0.931186869
16,200,15.0256558,31.159838,1.8670504,31.159838,-0.046565683,2,46,0,33,0.432098765,0.417721519,1,0.041666667,0.589285714,0.131928251,0.931186869
16,200,15.0256558,31.159838,1.8670504,31.159838,-0.09574542,1,47,0,33,0.419753086,0.4125,1,0.020833333,0.584070796,0.092702481,0.931186869
16,200,15.0256558,31.159838,1.8670504,31.159838,-0.093403527,1,47,0,33,0.419753086,0.4125,1,0.020833333,0.584070796,0.092702481,0.931186869
16,200,15.0256558,31.159838,1.8670504,31.159838,-0.091061635,1,47,0,33,0.419753086,0.4125,1,0.020833333,0.584070796,0.092702481,0.931186869
16,200,15.0256558,31.159838,1.8670504,31.159838,-0.088719743,1,47,0,33,0.419753086,0.4125,1,0.020833333,0.584070796,0.092702481,0.931186869
16,200,15.0256558,31.159838,1.8670504,31.159838,-0.086377851,1,47,0,33,0.419753086,0.4125,1,0.020833333,0.584070796,0.092702481,0.931186869
16,200,15.0256558,31.159838,1.8670504,31.159838,-0.084035959,1,47,0,33,0.419753086,0.4125,1,0.020833333,0.584070796,0.092702481,0.931186869
16,200,15.0256558,31.159838,1.8670504,31.159838,-0.081694066,1,47,0,33,0.419753086,0.4125,1,0.020833333,0.584070796,0.092702481,0.931186869
16,200,15.0256558,31.159838,1.8670504,31.159838,-0.079352174,1,47,0,33,0.419753086,0.4125,1,0.020833333,0.584070796,0.092702481,0.931186869
16,200,15.0256558,31.159838,1.8670504,31.159838,-0.077010282,1,47,0,33,0.419753086,0.4125,1,0.020833333,0.584070796,0.092702481,0.931186869
16,200,15.0256558,31.159838,1.8670504,31.159838,-0.07466839,1,47,0,33,0.419753086,0.4125,1,0.020833333,0.584070796,0.092702481,0.931186869
16,200,15.0256558,31.159838,1.8670504,31.159838,-0.072326497,1,47,0,33,0.419753086,0.4125,1,0.020833333,0.584070796,0.092702481,0.931186869
16,200,15.0256558,31.159838,1.8670504,31.159838,-0.069984605,1,47,0,33,0.419753086,0.4125,1,0.020833333,0.584070796,0.092702481,0.931186869
16,200,15.0256558,31.159838,1.8670504,31.159838,-0.067642713,1,47,0,33,0.419753086,0.4125,1,0.020833333,0.584070796,0.092702481,0.931186869
